-- phpMyAdmin SQL Dump
-- version 4.8.0.1
-- https://www.phpmyadmin.net/
--
-- Host: localhost
-- Generation Time: Jun 18, 2018 at 01:01 AM
-- Server version: 5.7.22-0ubuntu18.04.1
-- PHP Version: 7.2.5-0ubuntu0.18.04.1

SET SQL_MODE = "NO_AUTO_VALUE_ON_ZERO";
SET AUTOCOMMIT = 0;
START TRANSACTION;
SET time_zone = "+00:00";


/*!40101 SET @OLD_CHARACTER_SET_CLIENT=@@CHARACTER_SET_CLIENT */;
/*!40101 SET @OLD_CHARACTER_SET_RESULTS=@@CHARACTER_SET_RESULTS */;
/*!40101 SET @OLD_COLLATION_CONNECTION=@@COLLATION_CONNECTION */;
/*!40101 SET NAMES utf8mb4 */;

--
-- Database: `educatalyst`
--

-- --------------------------------------------------------

--
-- Table structure for table `cities`
--

CREATE TABLE `cities` (
  `id` int(11) NOT NULL,
  `name` varchar(30) NOT NULL,
  `state_id` int(11) NOT NULL,
  `is_del` enum('0','1') NOT NULL
) ENGINE=InnoDB DEFAULT CHARSET=latin1;

--
-- Dumping data for table `cities`
--

INSERT INTO `cities` (`id`, `name`, `state_id`, `is_del`) VALUES
(1, 'Bombuflat', 1, '0'),
(2, 'Garacharma', 1, '0'),
(3, 'Port Blair', 1, '0'),
(4, 'Rangat', 1, '0'),
(5, 'Addanki', 2, '0'),
(6, 'Adivivaram', 2, '0'),
(7, 'Adoni', 2, '0'),
(8, 'Aganampudi', 2, '0'),
(9, 'Ajjaram', 2, '0'),
(10, 'Akividu', 2, '0'),
(11, 'Akkarampalle', 2, '0'),
(12, 'Akkayapalle', 2, '0'),
(13, 'Akkireddipalem', 2, '0'),
(14, 'Alampur', 2, '0'),
(15, 'Amalapuram', 2, '0'),
(16, 'Amudalavalasa', 2, '0'),
(17, 'Amur', 2, '0'),
(18, 'Anakapalle', 2, '0'),
(19, 'Anantapur', 2, '0'),
(20, 'Andole', 2, '0'),
(21, 'Atmakur', 2, '0'),
(22, 'Attili', 2, '0'),
(23, 'Avanigadda', 2, '0'),
(24, 'Badepalli', 2, '0'),
(25, 'Badvel', 2, '0'),
(26, 'Balapur', 2, '0'),
(27, 'Bandarulanka', 2, '0'),
(28, 'Banganapalle', 2, '0'),
(29, 'Bapatla', 2, '0'),
(30, 'Bapulapadu', 2, '0'),
(31, 'Belampalli', 2, '0'),
(32, 'Bestavaripeta', 2, '0'),
(33, 'Betamcherla', 2, '0'),
(34, 'Bhattiprolu', 2, '0'),
(35, 'Bhimavaram', 2, '0'),
(36, 'Bhimunipatnam', 2, '0'),
(37, 'Bobbili', 2, '0'),
(38, 'Bombuflat', 2, '0'),
(39, 'Bommuru', 2, '0'),
(40, 'Bugganipalle', 2, '0'),
(41, 'Challapalle', 2, '0'),
(42, 'Chandur', 2, '0'),
(43, 'Chatakonda', 2, '0'),
(44, 'Chemmumiahpet', 2, '0'),
(45, 'Chidiga', 2, '0'),
(46, 'Chilakaluripet', 2, '0'),
(47, 'Chimakurthy', 2, '0'),
(48, 'Chinagadila', 2, '0'),
(49, 'Chinagantyada', 2, '0'),
(50, 'Chinnachawk', 2, '0'),
(51, 'Chintalavalasa', 2, '0'),
(52, 'Chipurupalle', 2, '0'),
(53, 'Chirala', 2, '0'),
(54, 'Chittoor', 2, '0'),
(55, 'Chodavaram', 2, '0'),
(56, 'Choutuppal', 2, '0'),
(57, 'Chunchupalle', 2, '0'),
(58, 'Cuddapah', 2, '0'),
(59, 'Cumbum', 2, '0'),
(60, 'Darnakal', 2, '0'),
(61, 'Dasnapur', 2, '0'),
(62, 'Dauleshwaram', 2, '0'),
(63, 'Dharmavaram', 2, '0'),
(64, 'Dhone', 2, '0'),
(65, 'Dommara Nandyal', 2, '0'),
(66, 'Dowlaiswaram', 2, '0'),
(67, 'East Godavari Dist.', 2, '0'),
(68, 'Eddumailaram', 2, '0'),
(69, 'Edulapuram', 2, '0'),
(70, 'Ekambara kuppam', 2, '0'),
(71, 'Eluru', 2, '0'),
(72, 'Enikapadu', 2, '0'),
(73, 'Fakirtakya', 2, '0'),
(74, 'Farrukhnagar', 2, '0'),
(75, 'Gaddiannaram', 2, '0'),
(76, 'Gajapathinagaram', 2, '0'),
(77, 'Gajularega', 2, '0'),
(78, 'Gajuvaka', 2, '0'),
(79, 'Gannavaram', 2, '0'),
(80, 'Garacharma', 2, '0'),
(81, 'Garimellapadu', 2, '0'),
(82, 'Giddalur', 2, '0'),
(83, 'Godavarikhani', 2, '0'),
(84, 'Gopalapatnam', 2, '0'),
(85, 'Gopalur', 2, '0'),
(86, 'Gorrekunta', 2, '0'),
(87, 'Gudivada', 2, '0'),
(88, 'Gudur', 2, '0'),
(89, 'Guntakal', 2, '0'),
(90, 'Guntur', 2, '0'),
(91, 'Guti', 2, '0'),
(92, 'Hindupur', 2, '0'),
(93, 'Hukumpeta', 2, '0'),
(94, 'Ichchapuram', 2, '0'),
(95, 'Isnapur', 2, '0'),
(96, 'Jaggayyapeta', 2, '0'),
(97, 'Jallaram Kamanpur', 2, '0'),
(98, 'Jammalamadugu', 2, '0'),
(99, 'Jangampalli', 2, '0'),
(100, 'Jarjapupeta', 2, '0'),
(101, 'Kadiri', 2, '0'),
(102, 'Kaikalur', 2, '0'),
(103, 'Kakinada', 2, '0'),
(104, 'Kallur', 2, '0'),
(105, 'Kalyandurg', 2, '0'),
(106, 'Kamalapuram', 2, '0'),
(107, 'Kamareddi', 2, '0'),
(108, 'Kanapaka', 2, '0'),
(109, 'Kanigiri', 2, '0'),
(110, 'Kanithi', 2, '0'),
(111, 'Kankipadu', 2, '0'),
(112, 'Kantabamsuguda', 2, '0'),
(113, 'Kanuru', 2, '0'),
(114, 'Karnul', 2, '0'),
(115, 'Katheru', 2, '0'),
(116, 'Kavali', 2, '0'),
(117, 'Kazipet', 2, '0'),
(118, 'Khanapuram Haveli', 2, '0'),
(119, 'Kodar', 2, '0'),
(120, 'Kollapur', 2, '0'),
(121, 'Kondapalem', 2, '0'),
(122, 'Kondapalle', 2, '0'),
(123, 'Kondukur', 2, '0'),
(124, 'Kosgi', 2, '0'),
(125, 'Kothavalasa', 2, '0'),
(126, 'Kottapalli', 2, '0'),
(127, 'Kovur', 2, '0'),
(128, 'Kovurpalle', 2, '0'),
(129, 'Kovvur', 2, '0'),
(130, 'Krishna', 2, '0'),
(131, 'Kuppam', 2, '0'),
(132, 'Kurmannapalem', 2, '0'),
(133, 'Kurnool', 2, '0'),
(134, 'Lakshettipet', 2, '0'),
(135, 'Lalbahadur Nagar', 2, '0'),
(136, 'Machavaram', 2, '0'),
(137, 'Macherla', 2, '0'),
(138, 'Machilipatnam', 2, '0'),
(139, 'Madanapalle', 2, '0'),
(140, 'Madaram', 2, '0'),
(141, 'Madhuravada', 2, '0'),
(142, 'Madikonda', 2, '0'),
(143, 'Madugule', 2, '0'),
(144, 'Mahabubnagar', 2, '0'),
(145, 'Mahbubabad', 2, '0'),
(146, 'Malkajgiri', 2, '0'),
(147, 'Mamilapalle', 2, '0'),
(148, 'Mancheral', 2, '0'),
(149, 'Mandapeta', 2, '0'),
(150, 'Mandasa', 2, '0'),
(151, 'Mangalagiri', 2, '0'),
(152, 'Manthani', 2, '0'),
(153, 'Markapur', 2, '0'),
(154, 'Marturu', 2, '0'),
(155, 'Metpalli', 2, '0'),
(156, 'Mindi', 2, '0'),
(157, 'Mirpet', 2, '0'),
(158, 'Moragudi', 2, '0'),
(159, 'Mothugudam', 2, '0'),
(160, 'Nagari', 2, '0'),
(161, 'Nagireddipalle', 2, '0'),
(162, 'Nandigama', 2, '0'),
(163, 'Nandikotkur', 2, '0'),
(164, 'Nandyal', 2, '0'),
(165, 'Narasannapeta', 2, '0'),
(166, 'Narasapur', 2, '0'),
(167, 'Narasaraopet', 2, '0'),
(168, 'Narayanavanam', 2, '0'),
(169, 'Narsapur', 2, '0'),
(170, 'Narsingi', 2, '0'),
(171, 'Narsipatnam', 2, '0'),
(172, 'Naspur', 2, '0'),
(173, 'Nathayyapalem', 2, '0'),
(174, 'Nayudupeta', 2, '0'),
(175, 'Nelimaria', 2, '0'),
(176, 'Nellore', 2, '0'),
(177, 'Nidadavole', 2, '0'),
(178, 'Nuzvid', 2, '0'),
(179, 'Omerkhan daira', 2, '0'),
(180, 'Ongole', 2, '0'),
(181, 'Osmania University', 2, '0'),
(182, 'Pakala', 2, '0'),
(183, 'Palakole', 2, '0'),
(184, 'Palakurthi', 2, '0'),
(185, 'Palasa', 2, '0'),
(186, 'Palempalle', 2, '0'),
(187, 'Palkonda', 2, '0'),
(188, 'Palmaner', 2, '0'),
(189, 'Pamur', 2, '0'),
(190, 'Panjim', 2, '0'),
(191, 'Papampeta', 2, '0'),
(192, 'Parasamba', 2, '0'),
(193, 'Parvatipuram', 2, '0'),
(194, 'Patancheru', 2, '0'),
(195, 'Payakaraopet', 2, '0'),
(196, 'Pedagantyada', 2, '0'),
(197, 'Pedana', 2, '0'),
(198, 'Peddapuram', 2, '0'),
(199, 'Pendurthi', 2, '0'),
(200, 'Penugonda', 2, '0'),
(201, 'Penukonda', 2, '0'),
(202, 'Phirangipuram', 2, '0'),
(203, 'Pithapuram', 2, '0'),
(204, 'Ponnur', 2, '0'),
(205, 'Port Blair', 2, '0'),
(206, 'Pothinamallayyapalem', 2, '0'),
(207, 'Prakasam', 2, '0'),
(208, 'Prasadampadu', 2, '0'),
(209, 'Prasantinilayam', 2, '0'),
(210, 'Proddatur', 2, '0'),
(211, 'Pulivendla', 2, '0'),
(212, 'Punganuru', 2, '0'),
(213, 'Puttur', 2, '0'),
(214, 'Qutubullapur', 2, '0'),
(215, 'Rajahmundry', 2, '0'),
(216, 'Rajamahendri', 2, '0'),
(217, 'Rajampet', 2, '0'),
(218, 'Rajendranagar', 2, '0'),
(219, 'Rajoli', 2, '0'),
(220, 'Ramachandrapuram', 2, '0'),
(221, 'Ramanayyapeta', 2, '0'),
(222, 'Ramapuram', 2, '0'),
(223, 'Ramarajupalli', 2, '0'),
(224, 'Ramavarappadu', 2, '0'),
(225, 'Rameswaram', 2, '0'),
(226, 'Rampachodavaram', 2, '0'),
(227, 'Ravulapalam', 2, '0'),
(228, 'Rayachoti', 2, '0'),
(229, 'Rayadrug', 2, '0'),
(230, 'Razam', 2, '0'),
(231, 'Razole', 2, '0'),
(232, 'Renigunta', 2, '0'),
(233, 'Repalle', 2, '0'),
(234, 'Rishikonda', 2, '0'),
(235, 'Salur', 2, '0'),
(236, 'Samalkot', 2, '0'),
(237, 'Sattenapalle', 2, '0'),
(238, 'Seetharampuram', 2, '0'),
(239, 'Serilungampalle', 2, '0'),
(240, 'Shankarampet', 2, '0'),
(241, 'Shar', 2, '0'),
(242, 'Singarayakonda', 2, '0'),
(243, 'Sirpur', 2, '0'),
(244, 'Sirsilla', 2, '0'),
(245, 'Sompeta', 2, '0'),
(246, 'Sriharikota', 2, '0'),
(247, 'Srikakulam', 2, '0'),
(248, 'Srikalahasti', 2, '0'),
(249, 'Sriramnagar', 2, '0'),
(250, 'Sriramsagar', 2, '0'),
(251, 'Srisailam', 2, '0'),
(252, 'Srisailamgudem Devasthanam', 2, '0'),
(253, 'Sulurpeta', 2, '0'),
(254, 'Suriapet', 2, '0'),
(255, 'Suryaraopet', 2, '0'),
(256, 'Tadepalle', 2, '0'),
(257, 'Tadepalligudem', 2, '0'),
(258, 'Tadpatri', 2, '0'),
(259, 'Tallapalle', 2, '0'),
(260, 'Tanuku', 2, '0'),
(261, 'Tekkali', 2, '0'),
(262, 'Tenali', 2, '0'),
(263, 'Tigalapahad', 2, '0'),
(264, 'Tiruchanur', 2, '0'),
(265, 'Tirumala', 2, '0'),
(266, 'Tirupati', 2, '0'),
(267, 'Tirvuru', 2, '0'),
(268, 'Trimulgherry', 2, '0'),
(269, 'Tuni', 2, '0'),
(270, 'Turangi', 2, '0'),
(271, 'Ukkayapalli', 2, '0'),
(272, 'Ukkunagaram', 2, '0'),
(273, 'Uppal Kalan', 2, '0'),
(274, 'Upper Sileru', 2, '0'),
(275, 'Uravakonda', 2, '0'),
(276, 'Vadlapudi', 2, '0'),
(277, 'Vaparala', 2, '0'),
(278, 'Vemalwada', 2, '0'),
(279, 'Venkatagiri', 2, '0'),
(280, 'Venkatapuram', 2, '0'),
(281, 'Vepagunta', 2, '0'),
(282, 'Vetapalem', 2, '0'),
(283, 'Vijayapuri', 2, '0'),
(284, 'Vijayapuri South', 2, '0'),
(285, 'Vijayawada', 2, '0'),
(286, 'Vinukonda', 2, '0'),
(287, 'Visakhapatnam', 2, '0'),
(288, 'Vizianagaram', 2, '0'),
(289, 'Vuyyuru', 2, '0'),
(290, 'Wanparti', 2, '0'),
(291, 'West Godavari Dist.', 2, '0'),
(292, 'Yadagirigutta', 2, '0'),
(293, 'Yarada', 2, '0'),
(294, 'Yellamanchili', 2, '0'),
(295, 'Yemmiganur', 2, '0'),
(296, 'Yenamalakudru', 2, '0'),
(297, 'Yendada', 2, '0'),
(298, 'Yerraguntla', 2, '0'),
(299, 'Along', 3, '0'),
(300, 'Basar', 3, '0'),
(301, 'Bondila', 3, '0'),
(302, 'Changlang', 3, '0'),
(303, 'Daporijo', 3, '0'),
(304, 'Deomali', 3, '0'),
(305, 'Itanagar', 3, '0'),
(306, 'Jairampur', 3, '0'),
(307, 'Khonsa', 3, '0'),
(308, 'Naharlagun', 3, '0'),
(309, 'Namsai', 3, '0'),
(310, 'Pasighat', 3, '0'),
(311, 'Roing', 3, '0'),
(312, 'Seppa', 3, '0'),
(313, 'Tawang', 3, '0'),
(314, 'Tezu', 3, '0'),
(315, 'Ziro', 3, '0'),
(316, 'Abhayapuri', 4, '0'),
(317, 'Ambikapur', 4, '0'),
(318, 'Amguri', 4, '0'),
(319, 'Anand Nagar', 4, '0'),
(320, 'Badarpur', 4, '0'),
(321, 'Badarpur Railway Town', 4, '0'),
(322, 'Bahbari Gaon', 4, '0'),
(323, 'Bamun Sualkuchi', 4, '0'),
(324, 'Barbari', 4, '0'),
(325, 'Barpathar', 4, '0'),
(326, 'Barpeta', 4, '0'),
(327, 'Barpeta Road', 4, '0'),
(328, 'Basugaon', 4, '0'),
(329, 'Bihpuria', 4, '0'),
(330, 'Bijni', 4, '0'),
(331, 'Bilasipara', 4, '0'),
(332, 'Biswanath Chariali', 4, '0'),
(333, 'Bohori', 4, '0'),
(334, 'Bokajan', 4, '0'),
(335, 'Bokokhat', 4, '0'),
(336, 'Bongaigaon', 4, '0'),
(337, 'Bongaigaon Petro-chemical Town', 4, '0'),
(338, 'Borgolai', 4, '0'),
(339, 'Chabua', 4, '0'),
(340, 'Chandrapur Bagicha', 4, '0'),
(341, 'Chapar', 4, '0'),
(342, 'Chekonidhara', 4, '0'),
(343, 'Choto Haibor', 4, '0'),
(344, 'Dergaon', 4, '0'),
(345, 'Dharapur', 4, '0'),
(346, 'Dhekiajuli', 4, '0'),
(347, 'Dhemaji', 4, '0'),
(348, 'Dhing', 4, '0'),
(349, 'Dhubri', 4, '0'),
(350, 'Dhuburi', 4, '0'),
(351, 'Dibrugarh', 4, '0'),
(352, 'Digboi', 4, '0'),
(353, 'Digboi Oil Town', 4, '0'),
(354, 'Dimaruguri', 4, '0'),
(355, 'Diphu', 4, '0'),
(356, 'Dispur', 4, '0'),
(357, 'Doboka', 4, '0'),
(358, 'Dokmoka', 4, '0'),
(359, 'Donkamokan', 4, '0'),
(360, 'Duliagaon', 4, '0'),
(361, 'Duliajan', 4, '0'),
(362, 'Duliajan No.1', 4, '0'),
(363, 'Dum Duma', 4, '0'),
(364, 'Durga Nagar', 4, '0'),
(365, 'Gauripur', 4, '0'),
(366, 'Goalpara', 4, '0'),
(367, 'Gohpur', 4, '0'),
(368, 'Golaghat', 4, '0'),
(369, 'Golakganj', 4, '0'),
(370, 'Gossaigaon', 4, '0'),
(371, 'Guwahati', 4, '0'),
(372, 'Haflong', 4, '0'),
(373, 'Hailakandi', 4, '0'),
(374, 'Hamren', 4, '0'),
(375, 'Hauli', 4, '0'),
(376, 'Hauraghat', 4, '0'),
(377, 'Hojai', 4, '0'),
(378, 'Jagiroad', 4, '0'),
(379, 'Jagiroad Paper Mill', 4, '0'),
(380, 'Jogighopa', 4, '0'),
(381, 'Jonai Bazar', 4, '0'),
(382, 'Jorhat', 4, '0'),
(383, 'Kampur Town', 4, '0'),
(384, 'Kamrup', 4, '0'),
(385, 'Kanakpur', 4, '0'),
(386, 'Karimganj', 4, '0'),
(387, 'Kharijapikon', 4, '0'),
(388, 'Kharupetia', 4, '0'),
(389, 'Kochpara', 4, '0'),
(390, 'Kokrajhar', 4, '0'),
(391, 'Kumar Kaibarta Gaon', 4, '0'),
(392, 'Lakhimpur', 4, '0'),
(393, 'Lakhipur', 4, '0'),
(394, 'Lala', 4, '0'),
(395, 'Lanka', 4, '0'),
(396, 'Lido Tikok', 4, '0'),
(397, 'Lido Town', 4, '0'),
(398, 'Lumding', 4, '0'),
(399, 'Lumding Railway Colony', 4, '0'),
(400, 'Mahur', 4, '0'),
(401, 'Maibong', 4, '0'),
(402, 'Majgaon', 4, '0'),
(403, 'Makum', 4, '0'),
(404, 'Mangaldai', 4, '0'),
(405, 'Mankachar', 4, '0'),
(406, 'Margherita', 4, '0'),
(407, 'Mariani', 4, '0'),
(408, 'Marigaon', 4, '0'),
(409, 'Moran', 4, '0'),
(410, 'Moranhat', 4, '0'),
(411, 'Nagaon', 4, '0'),
(412, 'Naharkatia', 4, '0'),
(413, 'Nalbari', 4, '0'),
(414, 'Namrup', 4, '0'),
(415, 'Naubaisa Gaon', 4, '0'),
(416, 'Nazira', 4, '0'),
(417, 'New Bongaigaon Railway Colony', 4, '0'),
(418, 'Niz-Hajo', 4, '0'),
(419, 'North Guwahati', 4, '0'),
(420, 'Numaligarh', 4, '0'),
(421, 'Palasbari', 4, '0'),
(422, 'Panchgram', 4, '0'),
(423, 'Pathsala', 4, '0'),
(424, 'Raha', 4, '0'),
(425, 'Rangapara', 4, '0'),
(426, 'Rangia', 4, '0'),
(427, 'Salakati', 4, '0'),
(428, 'Sapatgram', 4, '0'),
(429, 'Sarthebari', 4, '0'),
(430, 'Sarupathar', 4, '0'),
(431, 'Sarupathar Bengali', 4, '0'),
(432, 'Senchoagaon', 4, '0'),
(433, 'Sibsagar', 4, '0'),
(434, 'Silapathar', 4, '0'),
(435, 'Silchar', 4, '0'),
(436, 'Silchar Part-X', 4, '0'),
(437, 'Sonari', 4, '0'),
(438, 'Sorbhog', 4, '0'),
(439, 'Sualkuchi', 4, '0'),
(440, 'Tangla', 4, '0'),
(441, 'Tezpur', 4, '0'),
(442, 'Tihu', 4, '0'),
(443, 'Tinsukia', 4, '0'),
(444, 'Titabor', 4, '0'),
(445, 'Udalguri', 4, '0'),
(446, 'Umrangso', 4, '0'),
(447, 'Uttar Krishnapur Part-I', 4, '0'),
(448, 'Amarpur', 5, '0'),
(449, 'Ara', 5, '0'),
(450, 'Araria', 5, '0'),
(451, 'Areraj', 5, '0'),
(452, 'Asarganj', 5, '0'),
(453, 'Aurangabad', 5, '0'),
(454, 'Bagaha', 5, '0'),
(455, 'Bahadurganj', 5, '0'),
(456, 'Bairgania', 5, '0'),
(457, 'Bakhtiyarpur', 5, '0'),
(458, 'Banka', 5, '0'),
(459, 'Banmankhi', 5, '0'),
(460, 'Bar Bigha', 5, '0'),
(461, 'Barauli', 5, '0'),
(462, 'Barauni Oil Township', 5, '0'),
(463, 'Barh', 5, '0'),
(464, 'Barhiya', 5, '0'),
(465, 'Bariapur', 5, '0'),
(466, 'Baruni', 5, '0'),
(467, 'Begusarai', 5, '0'),
(468, 'Behea', 5, '0'),
(469, 'Belsand', 5, '0'),
(470, 'Bettiah', 5, '0'),
(471, 'Bhabua', 5, '0'),
(472, 'Bhagalpur', 5, '0'),
(473, 'Bhimnagar', 5, '0'),
(474, 'Bhojpur', 5, '0'),
(475, 'Bihar', 5, '0'),
(476, 'Bihar Sharif', 5, '0'),
(477, 'Bihariganj', 5, '0'),
(478, 'Bikramganj', 5, '0'),
(479, 'Birpur', 5, '0'),
(480, 'Bodh Gaya', 5, '0'),
(481, 'Buxar', 5, '0'),
(482, 'Chakia', 5, '0'),
(483, 'Chanpatia', 5, '0'),
(484, 'Chhapra', 5, '0'),
(485, 'Chhatapur', 5, '0'),
(486, 'Colgong', 5, '0'),
(487, 'Dalsingh Sarai', 5, '0'),
(488, 'Darbhanga', 5, '0'),
(489, 'Daudnagar', 5, '0'),
(490, 'Dehri', 5, '0'),
(491, 'Dhaka', 5, '0'),
(492, 'Dighwara', 5, '0'),
(493, 'Dinapur', 5, '0'),
(494, 'Dinapur Cantonment', 5, '0'),
(495, 'Dumra', 5, '0'),
(496, 'Dumraon', 5, '0'),
(497, 'Fatwa', 5, '0'),
(498, 'Forbesganj', 5, '0'),
(499, 'Gaya', 5, '0'),
(500, 'Gazipur', 5, '0'),
(501, 'Ghoghardiha', 5, '0'),
(502, 'Gogri Jamalpur', 5, '0'),
(503, 'Gopalganj', 5, '0'),
(504, 'Habibpur', 5, '0'),
(505, 'Hajipur', 5, '0'),
(506, 'Hasanpur', 5, '0'),
(507, 'Hazaribagh', 5, '0'),
(508, 'Hilsa', 5, '0'),
(509, 'Hisua', 5, '0'),
(510, 'Islampur', 5, '0'),
(511, 'Jagdispur', 5, '0'),
(512, 'Jahanabad', 5, '0'),
(513, 'Jamalpur', 5, '0'),
(514, 'Jamhaur', 5, '0'),
(515, 'Jamui', 5, '0'),
(516, 'Janakpur Road', 5, '0'),
(517, 'Janpur', 5, '0'),
(518, 'Jaynagar', 5, '0'),
(519, 'Jha Jha', 5, '0'),
(520, 'Jhanjharpur', 5, '0'),
(521, 'Jogbani', 5, '0'),
(522, 'Kanti', 5, '0'),
(523, 'Kasba', 5, '0'),
(524, 'Kataiya', 5, '0'),
(525, 'Katihar', 5, '0'),
(526, 'Khagaria', 5, '0'),
(527, 'Khagaul', 5, '0'),
(528, 'Kharagpur', 5, '0'),
(529, 'Khusrupur', 5, '0'),
(530, 'Kishanganj', 5, '0'),
(531, 'Koath', 5, '0'),
(532, 'Koilwar', 5, '0'),
(533, 'Lakhisarai', 5, '0'),
(534, 'Lalganj', 5, '0'),
(535, 'Lauthaha', 5, '0'),
(536, 'Madhepura', 5, '0'),
(537, 'Madhubani', 5, '0'),
(538, 'Maharajganj', 5, '0'),
(539, 'Mahnar Bazar', 5, '0'),
(540, 'Mairwa', 5, '0'),
(541, 'Makhdumpur', 5, '0'),
(542, 'Maner', 5, '0'),
(543, 'Manihari', 5, '0'),
(544, 'Marhaura', 5, '0'),
(545, 'Masaurhi', 5, '0'),
(546, 'Mirganj', 5, '0'),
(547, 'Mohiuddinagar', 5, '0'),
(548, 'Mokama', 5, '0'),
(549, 'Motihari', 5, '0'),
(550, 'Motipur', 5, '0'),
(551, 'Munger', 5, '0'),
(552, 'Murliganj', 5, '0'),
(553, 'Muzaffarpur', 5, '0'),
(554, 'Nabinagar', 5, '0'),
(555, 'Narkatiaganj', 5, '0'),
(556, 'Nasriganj', 5, '0'),
(557, 'Natwar', 5, '0'),
(558, 'Naugachhia', 5, '0'),
(559, 'Nawada', 5, '0'),
(560, 'Nirmali', 5, '0'),
(561, 'Nokha', 5, '0'),
(562, 'Paharpur', 5, '0'),
(563, 'Patna', 5, '0'),
(564, 'Phulwari', 5, '0'),
(565, 'Piro', 5, '0'),
(566, 'Purnia', 5, '0'),
(567, 'Pusa', 5, '0'),
(568, 'Rafiganj', 5, '0'),
(569, 'Raghunathpur', 5, '0'),
(570, 'Rajgir', 5, '0'),
(571, 'Ramnagar', 5, '0'),
(572, 'Raxaul', 5, '0'),
(573, 'Revelganj', 5, '0'),
(574, 'Rusera', 5, '0'),
(575, 'Sagauli', 5, '0'),
(576, 'Saharsa', 5, '0'),
(577, 'Samastipur', 5, '0'),
(578, 'Sasaram', 5, '0'),
(579, 'Shahpur', 5, '0'),
(580, 'Shaikhpura', 5, '0'),
(581, 'Sherghati', 5, '0'),
(582, 'Shivhar', 5, '0'),
(583, 'Silao', 5, '0'),
(584, 'Sitamarhi', 5, '0'),
(585, 'Siwan', 5, '0'),
(586, 'Sonepur', 5, '0'),
(587, 'Sultanganj', 5, '0'),
(588, 'Supaul', 5, '0'),
(589, 'Teghra', 5, '0'),
(590, 'Tekari', 5, '0'),
(591, 'Thakurganj', 5, '0'),
(592, 'Vaishali', 5, '0'),
(593, 'Waris Aliganj', 5, '0'),
(594, 'Chandigarh', 6, '0'),
(595, 'Ahiwara', 7, '0'),
(596, 'Akaltara', 7, '0'),
(597, 'Ambagarh Chauki', 7, '0'),
(598, 'Ambikapur', 7, '0'),
(599, 'Arang', 7, '0'),
(600, 'Bade Bacheli', 7, '0'),
(601, 'Bagbahara', 7, '0'),
(602, 'Baikunthpur', 7, '0'),
(603, 'Balod', 7, '0'),
(604, 'Baloda', 7, '0'),
(605, 'Baloda Bazar', 7, '0'),
(606, 'Banarsi', 7, '0'),
(607, 'Basna', 7, '0'),
(608, 'Bemetra', 7, '0'),
(609, 'Bhanpuri', 7, '0'),
(610, 'Bhatapara', 7, '0'),
(611, 'Bhatgaon', 7, '0'),
(612, 'Bhilai', 7, '0'),
(613, 'Bilaspur', 7, '0'),
(614, 'Bilha', 7, '0'),
(615, 'Birgaon', 7, '0'),
(616, 'Bodri', 7, '0'),
(617, 'Champa', 7, '0'),
(618, 'Charcha', 7, '0'),
(619, 'Charoda', 7, '0'),
(620, 'Chhuikhadan', 7, '0'),
(621, 'Chirmiri', 7, '0'),
(622, 'Dantewada', 7, '0'),
(623, 'Deori', 7, '0'),
(624, 'Dhamdha', 7, '0'),
(625, 'Dhamtari', 7, '0'),
(626, 'Dharamjaigarh', 7, '0'),
(627, 'Dipka', 7, '0'),
(628, 'Doman Hill Colliery', 7, '0'),
(629, 'Dongargaon', 7, '0'),
(630, 'Dongragarh', 7, '0'),
(631, 'Durg', 7, '0'),
(632, 'Frezarpur', 7, '0'),
(633, 'Gandai', 7, '0'),
(634, 'Gariaband', 7, '0'),
(635, 'Gaurela', 7, '0'),
(636, 'Gelhapani', 7, '0'),
(637, 'Gharghoda', 7, '0'),
(638, 'Gidam', 7, '0'),
(639, 'Gobra Nawapara', 7, '0'),
(640, 'Gogaon', 7, '0'),
(641, 'Hatkachora', 7, '0'),
(642, 'Jagdalpur', 7, '0'),
(643, 'Jamui', 7, '0'),
(644, 'Jashpurnagar', 7, '0'),
(645, 'Jhagrakhand', 7, '0'),
(646, 'Kanker', 7, '0'),
(647, 'Katghora', 7, '0'),
(648, 'Kawardha', 7, '0'),
(649, 'Khairagarh', 7, '0'),
(650, 'Khamhria', 7, '0'),
(651, 'Kharod', 7, '0'),
(652, 'Kharsia', 7, '0'),
(653, 'Khonga Pani', 7, '0'),
(654, 'Kirandu', 7, '0'),
(655, 'Kirandul', 7, '0'),
(656, 'Kohka', 7, '0'),
(657, 'Kondagaon', 7, '0'),
(658, 'Korba', 7, '0'),
(659, 'Korea', 7, '0'),
(660, 'Koria Block', 7, '0'),
(661, 'Kota', 7, '0'),
(662, 'Kumhari', 7, '0'),
(663, 'Kumud Katta', 7, '0'),
(664, 'Kurasia', 7, '0'),
(665, 'Kurud', 7, '0'),
(666, 'Lingiyadih', 7, '0'),
(667, 'Lormi', 7, '0'),
(668, 'Mahasamund', 7, '0'),
(669, 'Mahendragarh', 7, '0'),
(670, 'Mehmand', 7, '0'),
(671, 'Mongra', 7, '0'),
(672, 'Mowa', 7, '0'),
(673, 'Mungeli', 7, '0'),
(674, 'Nailajanjgir', 7, '0'),
(675, 'Namna Kalan', 7, '0'),
(676, 'Naya Baradwar', 7, '0'),
(677, 'Pandariya', 7, '0'),
(678, 'Patan', 7, '0'),
(679, 'Pathalgaon', 7, '0'),
(680, 'Pendra', 7, '0'),
(681, 'Phunderdihari', 7, '0'),
(682, 'Pithora', 7, '0'),
(683, 'Raigarh', 7, '0'),
(684, 'Raipur', 7, '0'),
(685, 'Rajgamar', 7, '0'),
(686, 'Rajhara', 7, '0'),
(687, 'Rajnandgaon', 7, '0'),
(688, 'Ramanuj Ganj', 7, '0'),
(689, 'Ratanpur', 7, '0'),
(690, 'Sakti', 7, '0'),
(691, 'Saraipali', 7, '0'),
(692, 'Sarajpur', 7, '0'),
(693, 'Sarangarh', 7, '0'),
(694, 'Shivrinarayan', 7, '0'),
(695, 'Simga', 7, '0'),
(696, 'Sirgiti', 7, '0'),
(697, 'Takhatpur', 7, '0'),
(698, 'Telgaon', 7, '0'),
(699, 'Tildanewra', 7, '0'),
(700, 'Urla', 7, '0'),
(701, 'Vishrampur', 7, '0'),
(702, 'Amli', 8, '0'),
(703, 'Silvassa', 8, '0'),
(704, 'Daman', 9, '0'),
(705, 'Diu', 9, '0'),
(706, 'Delhi', 10, '0'),
(707, 'New Delhi', 10, '0'),
(708, 'Aldona', 11, '0'),
(709, 'Altinho', 11, '0'),
(710, 'Aquem', 11, '0'),
(711, 'Arpora', 11, '0'),
(712, 'Bambolim', 11, '0'),
(713, 'Bandora', 11, '0'),
(714, 'Bardez', 11, '0'),
(715, 'Benaulim', 11, '0'),
(716, 'Betora', 11, '0'),
(717, 'Bicholim', 11, '0'),
(718, 'Calapor', 11, '0'),
(719, 'Candolim', 11, '0'),
(720, 'Caranzalem', 11, '0'),
(721, 'Carapur', 11, '0'),
(722, 'Chicalim', 11, '0'),
(723, 'Chimbel', 11, '0'),
(724, 'Chinchinim', 11, '0'),
(725, 'Colvale', 11, '0'),
(726, 'Corlim', 11, '0'),
(727, 'Cortalim', 11, '0'),
(728, 'Cuncolim', 11, '0'),
(729, 'Curchorem', 11, '0'),
(730, 'Curti', 11, '0'),
(731, 'Davorlim', 11, '0'),
(732, 'Dona Paula', 11, '0'),
(733, 'Goa', 11, '0'),
(734, 'Guirim', 11, '0'),
(735, 'Jua', 11, '0'),
(736, 'Kalangat', 11, '0'),
(737, 'Kankon', 11, '0'),
(738, 'Kundaim', 11, '0'),
(739, 'Loutulim', 11, '0'),
(740, 'Madgaon', 11, '0'),
(741, 'Mapusa', 11, '0'),
(742, 'Margao', 11, '0'),
(743, 'Margaon', 11, '0'),
(744, 'Miramar', 11, '0'),
(745, 'Morjim', 11, '0'),
(746, 'Mormugao', 11, '0'),
(747, 'Navelim', 11, '0'),
(748, 'Pale', 11, '0'),
(749, 'Panaji', 11, '0'),
(750, 'Parcem', 11, '0'),
(751, 'Parra', 11, '0'),
(752, 'Penha de Franca', 11, '0'),
(753, 'Pernem', 11, '0'),
(754, 'Pilerne', 11, '0'),
(755, 'Pissurlem', 11, '0'),
(756, 'Ponda', 11, '0'),
(757, 'Porvorim', 11, '0'),
(758, 'Quepem', 11, '0'),
(759, 'Queula', 11, '0'),
(760, 'Raia', 11, '0'),
(761, 'Reis Magos', 11, '0'),
(762, 'Salcette', 11, '0'),
(763, 'Saligao', 11, '0'),
(764, 'Sancoale', 11, '0'),
(765, 'Sanguem', 11, '0'),
(766, 'Sanquelim', 11, '0'),
(767, 'Sanvordem', 11, '0'),
(768, 'Sao Jose-de-Areal', 11, '0'),
(769, 'Sattari', 11, '0'),
(770, 'Serula', 11, '0'),
(771, 'Sinquerim', 11, '0'),
(772, 'Siolim', 11, '0'),
(773, 'Taleigao', 11, '0'),
(774, 'Tivim', 11, '0'),
(775, 'Valpoi', 11, '0'),
(776, 'Varca', 11, '0'),
(777, 'Vasco', 11, '0'),
(778, 'Verna', 11, '0'),
(779, 'Abrama', 12, '0'),
(780, 'Adalaj', 12, '0'),
(781, 'Adityana', 12, '0'),
(782, 'Advana', 12, '0'),
(783, 'Ahmedabad', 12, '0'),
(784, 'Ahwa', 12, '0'),
(785, 'Alang', 12, '0'),
(786, 'Ambaji', 12, '0'),
(787, 'Ambaliyasan', 12, '0'),
(788, 'Amod', 12, '0'),
(789, 'Amreli', 12, '0'),
(790, 'Amroli', 12, '0'),
(791, 'Anand', 12, '0'),
(792, 'Andada', 12, '0'),
(793, 'Anjar', 12, '0'),
(794, 'Anklav', 12, '0'),
(795, 'Ankleshwar', 12, '0'),
(796, 'Anklesvar INA', 12, '0'),
(797, 'Antaliya', 12, '0'),
(798, 'Arambhada', 12, '0'),
(799, 'Asarma', 12, '0'),
(800, 'Atul', 12, '0'),
(801, 'Babra', 12, '0'),
(802, 'Bag-e-Firdosh', 12, '0'),
(803, 'Bagasara', 12, '0'),
(804, 'Bahadarpar', 12, '0'),
(805, 'Bajipura', 12, '0'),
(806, 'Bajva', 12, '0'),
(807, 'Balasinor', 12, '0'),
(808, 'Banaskantha', 12, '0'),
(809, 'Bansda', 12, '0'),
(810, 'Bantva', 12, '0'),
(811, 'Bardoli', 12, '0'),
(812, 'Barwala', 12, '0'),
(813, 'Bayad', 12, '0'),
(814, 'Bechar', 12, '0'),
(815, 'Bedi', 12, '0'),
(816, 'Beyt', 12, '0'),
(817, 'Bhachau', 12, '0'),
(818, 'Bhanvad', 12, '0'),
(819, 'Bharuch', 12, '0'),
(820, 'Bharuch INA', 12, '0'),
(821, 'Bhavnagar', 12, '0'),
(822, 'Bhayavadar', 12, '0'),
(823, 'Bhestan', 12, '0'),
(824, 'Bhuj', 12, '0'),
(825, 'Bilimora', 12, '0'),
(826, 'Bilkha', 12, '0'),
(827, 'Billimora', 12, '0'),
(828, 'Bodakdev', 12, '0'),
(829, 'Bodeli', 12, '0'),
(830, 'Bopal', 12, '0'),
(831, 'Boria', 12, '0'),
(832, 'Boriavi', 12, '0'),
(833, 'Borsad', 12, '0'),
(834, 'Botad', 12, '0'),
(835, 'Cambay', 12, '0'),
(836, 'Chaklasi', 12, '0'),
(837, 'Chala', 12, '0'),
(838, 'Chalala', 12, '0'),
(839, 'Chalthan', 12, '0'),
(840, 'Chanasma', 12, '0'),
(841, 'Chandisar', 12, '0'),
(842, 'Chandkheda', 12, '0'),
(843, 'Chanod', 12, '0'),
(844, 'Chaya', 12, '0'),
(845, 'Chenpur', 12, '0'),
(846, 'Chhapi', 12, '0'),
(847, 'Chhaprabhatha', 12, '0'),
(848, 'Chhatral', 12, '0'),
(849, 'Chhota Udepur', 12, '0'),
(850, 'Chikhli', 12, '0'),
(851, 'Chiloda', 12, '0'),
(852, 'Chorvad', 12, '0'),
(853, 'Chotila', 12, '0'),
(854, 'Dabhoi', 12, '0'),
(855, 'Dadara', 12, '0'),
(856, 'Dahod', 12, '0'),
(857, 'Dakor', 12, '0'),
(858, 'Damnagar', 12, '0'),
(859, 'Deesa', 12, '0'),
(860, 'Delvada', 12, '0'),
(861, 'Devgadh Baria', 12, '0'),
(862, 'Devsar', 12, '0'),
(863, 'Dhandhuka', 12, '0'),
(864, 'Dhanera', 12, '0'),
(865, 'Dhangdhra', 12, '0'),
(866, 'Dhansura', 12, '0'),
(867, 'Dharampur', 12, '0'),
(868, 'Dhari', 12, '0'),
(869, 'Dhola', 12, '0'),
(870, 'Dholka', 12, '0'),
(871, 'Dholka Rural', 12, '0'),
(872, 'Dhoraji', 12, '0'),
(873, 'Dhrangadhra', 12, '0'),
(874, 'Dhrol', 12, '0'),
(875, 'Dhuva', 12, '0'),
(876, 'Dhuwaran', 12, '0'),
(877, 'Digvijaygram', 12, '0'),
(878, 'Disa', 12, '0'),
(879, 'Dungar', 12, '0'),
(880, 'Dungarpur', 12, '0'),
(881, 'Dungra', 12, '0'),
(882, 'Dwarka', 12, '0'),
(883, 'Flelanganj', 12, '0'),
(884, 'GSFC Complex', 12, '0'),
(885, 'Gadhda', 12, '0'),
(886, 'Gandevi', 12, '0'),
(887, 'Gandhidham', 12, '0'),
(888, 'Gandhinagar', 12, '0'),
(889, 'Gariadhar', 12, '0'),
(890, 'Ghogha', 12, '0'),
(891, 'Godhra', 12, '0'),
(892, 'Gondal', 12, '0'),
(893, 'Hajira INA', 12, '0'),
(894, 'Halol', 12, '0'),
(895, 'Halvad', 12, '0'),
(896, 'Hansot', 12, '0'),
(897, 'Harij', 12, '0'),
(898, 'Himatnagar', 12, '0'),
(899, 'Ichchhapor', 12, '0'),
(900, 'Idar', 12, '0'),
(901, 'Jafrabad', 12, '0'),
(902, 'Jalalpore', 12, '0'),
(903, 'Jambusar', 12, '0'),
(904, 'Jamjodhpur', 12, '0'),
(905, 'Jamnagar', 12, '0'),
(906, 'Jasdan', 12, '0'),
(907, 'Jawaharnagar', 12, '0'),
(908, 'Jetalsar', 12, '0'),
(909, 'Jetpur', 12, '0'),
(910, 'Jodiya', 12, '0'),
(911, 'Joshipura', 12, '0'),
(912, 'Junagadh', 12, '0'),
(913, 'Kadi', 12, '0'),
(914, 'Kadodara', 12, '0'),
(915, 'Kalavad', 12, '0'),
(916, 'Kali', 12, '0'),
(917, 'Kaliawadi', 12, '0'),
(918, 'Kalol', 12, '0'),
(919, 'Kalol INA', 12, '0'),
(920, 'Kandla', 12, '0'),
(921, 'Kanjari', 12, '0'),
(922, 'Kanodar', 12, '0'),
(923, 'Kapadwanj', 12, '0'),
(924, 'Karachiya', 12, '0'),
(925, 'Karamsad', 12, '0'),
(926, 'Karjan', 12, '0'),
(927, 'Kathial', 12, '0'),
(928, 'Kathor', 12, '0'),
(929, 'Katpar', 12, '0'),
(930, 'Kavant', 12, '0'),
(931, 'Keshod', 12, '0'),
(932, 'Kevadiya', 12, '0'),
(933, 'Khambhaliya', 12, '0'),
(934, 'Khambhat', 12, '0'),
(935, 'Kharaghoda', 12, '0'),
(936, 'Khed Brahma', 12, '0'),
(937, 'Kheda', 12, '0'),
(938, 'Kheralu', 12, '0'),
(939, 'Kodinar', 12, '0'),
(940, 'Kosamba', 12, '0'),
(941, 'Kundla', 12, '0'),
(942, 'Kutch', 12, '0'),
(943, 'Kutiyana', 12, '0'),
(944, 'Lakhtar', 12, '0'),
(945, 'Lalpur', 12, '0'),
(946, 'Lambha', 12, '0'),
(947, 'Lathi', 12, '0'),
(948, 'Limbdi', 12, '0'),
(949, 'Limla', 12, '0'),
(950, 'Lunavada', 12, '0'),
(951, 'Madhapar', 12, '0'),
(952, 'Maflipur', 12, '0'),
(953, 'Mahemdavad', 12, '0'),
(954, 'Mahudha', 12, '0'),
(955, 'Mahuva', 12, '0'),
(956, 'Mahuvar', 12, '0'),
(957, 'Makarba', 12, '0'),
(958, 'Makarpura', 12, '0'),
(959, 'Makassar', 12, '0'),
(960, 'Maktampur', 12, '0'),
(961, 'Malia', 12, '0'),
(962, 'Malpur', 12, '0'),
(963, 'Manavadar', 12, '0'),
(964, 'Mandal', 12, '0'),
(965, 'Mandvi', 12, '0'),
(966, 'Mangrol', 12, '0'),
(967, 'Mansa', 12, '0'),
(968, 'Meghraj', 12, '0'),
(969, 'Mehsana', 12, '0'),
(970, 'Mendarla', 12, '0'),
(971, 'Mithapur', 12, '0'),
(972, 'Modasa', 12, '0'),
(973, 'Mogravadi', 12, '0'),
(974, 'Morbi', 12, '0'),
(975, 'Morvi', 12, '0'),
(976, 'Mundra', 12, '0'),
(977, 'Nadiad', 12, '0'),
(978, 'Naliya', 12, '0'),
(979, 'Nanakvada', 12, '0'),
(980, 'Nandej', 12, '0'),
(981, 'Nandesari', 12, '0'),
(982, 'Nandesari INA', 12, '0'),
(983, 'Naroda', 12, '0'),
(984, 'Navagadh', 12, '0'),
(985, 'Navagam Ghed', 12, '0'),
(986, 'Navsari', 12, '0'),
(987, 'Ode', 12, '0'),
(988, 'Okaf', 12, '0'),
(989, 'Okha', 12, '0'),
(990, 'Olpad', 12, '0'),
(991, 'Paddhari', 12, '0'),
(992, 'Padra', 12, '0'),
(993, 'Palanpur', 12, '0'),
(994, 'Palej', 12, '0'),
(995, 'Pali', 12, '0'),
(996, 'Palitana', 12, '0'),
(997, 'Paliyad', 12, '0'),
(998, 'Pandesara', 12, '0'),
(999, 'Panoli', 12, '0'),
(1000, 'Pardi', 12, '0'),
(1001, 'Parnera', 12, '0'),
(1002, 'Parvat', 12, '0'),
(1003, 'Patan', 12, '0'),
(1004, 'Patdi', 12, '0'),
(1005, 'Petlad', 12, '0'),
(1006, 'Petrochemical Complex', 12, '0'),
(1007, 'Porbandar', 12, '0'),
(1008, 'Prantij', 12, '0'),
(1009, 'Radhanpur', 12, '0'),
(1010, 'Raiya', 12, '0'),
(1011, 'Rajkot', 12, '0'),
(1012, 'Rajpipla', 12, '0'),
(1013, 'Rajula', 12, '0'),
(1014, 'Ramod', 12, '0'),
(1015, 'Ranavav', 12, '0'),
(1016, 'Ranoli', 12, '0'),
(1017, 'Rapar', 12, '0'),
(1018, 'Sahij', 12, '0'),
(1019, 'Salaya', 12, '0'),
(1020, 'Sanand', 12, '0'),
(1021, 'Sankheda', 12, '0'),
(1022, 'Santrampur', 12, '0'),
(1023, 'Saribujrang', 12, '0'),
(1024, 'Sarigam INA', 12, '0'),
(1025, 'Sayan', 12, '0'),
(1026, 'Sayla', 12, '0'),
(1027, 'Shahpur', 12, '0'),
(1028, 'Shahwadi', 12, '0'),
(1029, 'Shapar', 12, '0'),
(1030, 'Shivrajpur', 12, '0'),
(1031, 'Siddhapur', 12, '0'),
(1032, 'Sidhpur', 12, '0'),
(1033, 'Sihor', 12, '0'),
(1034, 'Sika', 12, '0'),
(1035, 'Singarva', 12, '0'),
(1036, 'Sinor', 12, '0'),
(1037, 'Sojitra', 12, '0'),
(1038, 'Sola', 12, '0'),
(1039, 'Songadh', 12, '0'),
(1040, 'Suraj Karadi', 12, '0'),
(1041, 'Surat', 12, '0'),
(1042, 'Surendranagar', 12, '0'),
(1043, 'Talaja', 12, '0'),
(1044, 'Talala', 12, '0'),
(1045, 'Talod', 12, '0'),
(1046, 'Tankara', 12, '0'),
(1047, 'Tarsali', 12, '0'),
(1048, 'Thangadh', 12, '0'),
(1049, 'Tharad', 12, '0'),
(1050, 'Thasra', 12, '0'),
(1051, 'Udyognagar', 12, '0'),
(1052, 'Ukai', 12, '0'),
(1053, 'Umbergaon', 12, '0'),
(1054, 'Umbergaon INA', 12, '0'),
(1055, 'Umrala', 12, '0'),
(1056, 'Umreth', 12, '0'),
(1057, 'Un', 12, '0'),
(1058, 'Una', 12, '0'),
(1059, 'Unjha', 12, '0'),
(1060, 'Upleta', 12, '0'),
(1061, 'Utran', 12, '0'),
(1062, 'Uttarsanda', 12, '0'),
(1063, 'V.U. Nagar', 12, '0'),
(1064, 'V.V. Nagar', 12, '0'),
(1065, 'Vadia', 12, '0'),
(1066, 'Vadla', 12, '0'),
(1067, 'Vadnagar', 12, '0'),
(1068, 'Vadodara', 12, '0'),
(1069, 'Vaghodia INA', 12, '0'),
(1070, 'Valbhipur', 12, '0'),
(1071, 'Vallabh Vidyanagar', 12, '0'),
(1072, 'Valsad', 12, '0'),
(1073, 'Valsad INA', 12, '0'),
(1074, 'Vanthali', 12, '0'),
(1075, 'Vapi', 12, '0'),
(1076, 'Vapi INA', 12, '0'),
(1077, 'Vartej', 12, '0'),
(1078, 'Vasad', 12, '0'),
(1079, 'Vasna Borsad INA', 12, '0'),
(1080, 'Vaso', 12, '0'),
(1081, 'Veraval', 12, '0'),
(1082, 'Vidyanagar', 12, '0'),
(1083, 'Vijalpor', 12, '0'),
(1084, 'Vijapur', 12, '0'),
(1085, 'Vinchhiya', 12, '0'),
(1086, 'Vinzol', 12, '0'),
(1087, 'Virpur', 12, '0'),
(1088, 'Visavadar', 12, '0'),
(1089, 'Visnagar', 12, '0'),
(1090, 'Vyara', 12, '0'),
(1091, 'Wadhwan', 12, '0'),
(1092, 'Waghai', 12, '0'),
(1093, 'Waghodia', 12, '0'),
(1094, 'Wankaner', 12, '0'),
(1095, 'Zalod', 12, '0'),
(1096, 'Ambala', 13, '0'),
(1097, 'Ambala Cantt', 13, '0'),
(1098, 'Asan Khurd', 13, '0'),
(1099, 'Asandh', 13, '0'),
(1100, 'Ateli', 13, '0'),
(1101, 'Babiyal', 13, '0'),
(1102, 'Bahadurgarh', 13, '0'),
(1103, 'Ballabgarh', 13, '0'),
(1104, 'Barwala', 13, '0'),
(1105, 'Bawal', 13, '0'),
(1106, 'Bawani Khera', 13, '0'),
(1107, 'Beri', 13, '0'),
(1108, 'Bhiwani', 13, '0'),
(1109, 'Bilaspur', 13, '0'),
(1110, 'Buria', 13, '0'),
(1111, 'Charkhi Dadri', 13, '0'),
(1112, 'Chhachhrauli', 13, '0'),
(1113, 'Chita', 13, '0'),
(1114, 'Dabwali', 13, '0'),
(1115, 'Dharuhera', 13, '0'),
(1116, 'Dundahera', 13, '0'),
(1117, 'Ellenabad', 13, '0'),
(1118, 'Farakhpur', 13, '0'),
(1119, 'Faridabad', 13, '0'),
(1120, 'Farrukhnagar', 13, '0'),
(1121, 'Fatehabad', 13, '0'),
(1122, 'Firozpur Jhirka', 13, '0'),
(1123, 'Gannaur', 13, '0'),
(1124, 'Ghraunda', 13, '0'),
(1125, 'Gohana', 13, '0'),
(1126, 'Gurgaon', 13, '0'),
(1127, 'Haileymandi', 13, '0'),
(1128, 'Hansi', 13, '0'),
(1129, 'Hasanpur', 13, '0'),
(1130, 'Hathin', 13, '0'),
(1131, 'Hisar', 13, '0'),
(1132, 'Hissar', 13, '0'),
(1133, 'Hodal', 13, '0'),
(1134, 'Indri', 13, '0'),
(1135, 'Jagadhri', 13, '0'),
(1136, 'Jakhal Mandi', 13, '0'),
(1137, 'Jhajjar', 13, '0'),
(1138, 'Jind', 13, '0'),
(1139, 'Julana', 13, '0'),
(1140, 'Kaithal', 13, '0'),
(1141, 'Kalanur', 13, '0'),
(1142, 'Kalanwali', 13, '0'),
(1143, 'Kalayat', 13, '0'),
(1144, 'Kalka', 13, '0'),
(1145, 'Kanina', 13, '0'),
(1146, 'Kansepur', 13, '0'),
(1147, 'Kardhan', 13, '0'),
(1148, 'Karnal', 13, '0'),
(1149, 'Kharkhoda', 13, '0'),
(1150, 'Kheri Sampla', 13, '0'),
(1151, 'Kundli', 13, '0'),
(1152, 'Kurukshetra', 13, '0'),
(1153, 'Ladrawan', 13, '0'),
(1154, 'Ladwa', 13, '0'),
(1155, 'Loharu', 13, '0'),
(1156, 'Maham', 13, '0'),
(1157, 'Mahendragarh', 13, '0'),
(1158, 'Mustafabad', 13, '0'),
(1159, 'Nagai Chaudhry', 13, '0'),
(1160, 'Narayangarh', 13, '0'),
(1161, 'Narnaul', 13, '0'),
(1162, 'Narnaund', 13, '0'),
(1163, 'Narwana', 13, '0'),
(1164, 'Nilokheri', 13, '0'),
(1165, 'Nuh', 13, '0'),
(1166, 'Palwal', 13, '0'),
(1167, 'Panchkula', 13, '0'),
(1168, 'Panipat', 13, '0'),
(1169, 'Panipat Taraf Ansar', 13, '0'),
(1170, 'Panipat Taraf Makhdum Zadgan', 13, '0'),
(1171, 'Panipat Taraf Rajputan', 13, '0'),
(1172, 'Pehowa', 13, '0'),
(1173, 'Pinjaur', 13, '0'),
(1174, 'Punahana', 13, '0'),
(1175, 'Pundri', 13, '0'),
(1176, 'Radaur', 13, '0'),
(1177, 'Raipur Rani', 13, '0'),
(1178, 'Rania', 13, '0'),
(1179, 'Ratiya', 13, '0'),
(1180, 'Rewari', 13, '0'),
(1181, 'Rohtak', 13, '0'),
(1182, 'Ropar', 13, '0'),
(1183, 'Sadauri', 13, '0'),
(1184, 'Safidon', 13, '0'),
(1185, 'Samalkha', 13, '0'),
(1186, 'Sankhol', 13, '0'),
(1187, 'Sasauli', 13, '0'),
(1188, 'Shahabad', 13, '0'),
(1189, 'Sirsa', 13, '0'),
(1190, 'Siwani', 13, '0'),
(1191, 'Sohna', 13, '0'),
(1192, 'Sonipat', 13, '0'),
(1193, 'Sukhrali', 13, '0'),
(1194, 'Taoru', 13, '0'),
(1195, 'Taraori', 13, '0'),
(1196, 'Tauru', 13, '0'),
(1197, 'Thanesar', 13, '0'),
(1198, 'Tilpat', 13, '0'),
(1199, 'Tohana', 13, '0'),
(1200, 'Tosham', 13, '0'),
(1201, 'Uchana', 13, '0'),
(1202, 'Uklana Mandi', 13, '0'),
(1203, 'Uncha Siwana', 13, '0'),
(1204, 'Yamunanagar', 13, '0'),
(1205, 'Arki', 14, '0'),
(1206, 'Baddi', 14, '0'),
(1207, 'Bakloh', 14, '0'),
(1208, 'Banjar', 14, '0'),
(1209, 'Bhota', 14, '0'),
(1210, 'Bhuntar', 14, '0'),
(1211, 'Bilaspur', 14, '0'),
(1212, 'Chamba', 14, '0'),
(1213, 'Chaupal', 14, '0'),
(1214, 'Chuari Khas', 14, '0'),
(1215, 'Dagshai', 14, '0'),
(1216, 'Dalhousie', 14, '0'),
(1217, 'Dalhousie Cantonment', 14, '0'),
(1218, 'Damtal', 14, '0'),
(1219, 'Daulatpur', 14, '0'),
(1220, 'Dera Gopipur', 14, '0'),
(1221, 'Dhalli', 14, '0'),
(1222, 'Dharamshala', 14, '0'),
(1223, 'Gagret', 14, '0'),
(1224, 'Ghamarwin', 14, '0'),
(1225, 'Hamirpur', 14, '0'),
(1226, 'Jawala Mukhi', 14, '0'),
(1227, 'Jogindarnagar', 14, '0'),
(1228, 'Jubbal', 14, '0'),
(1229, 'Jutogh', 14, '0'),
(1230, 'Kala Amb', 14, '0'),
(1231, 'Kalpa', 14, '0'),
(1232, 'Kangra', 14, '0'),
(1233, 'Kasauli', 14, '0'),
(1234, 'Kot Khai', 14, '0'),
(1235, 'Kullu', 14, '0'),
(1236, 'Kulu', 14, '0'),
(1237, 'Manali', 14, '0'),
(1238, 'Mandi', 14, '0'),
(1239, 'Mant Khas', 14, '0'),
(1240, 'Mehatpur Basdehra', 14, '0'),
(1241, 'Nadaun', 14, '0'),
(1242, 'Nagrota', 14, '0'),
(1243, 'Nahan', 14, '0'),
(1244, 'Naina Devi', 14, '0'),
(1245, 'Nalagarh', 14, '0'),
(1246, 'Narkanda', 14, '0'),
(1247, 'Nurpur', 14, '0'),
(1248, 'Palampur', 14, '0'),
(1249, 'Pandoh', 14, '0'),
(1250, 'Paonta Sahib', 14, '0'),
(1251, 'Parwanoo', 14, '0'),
(1252, 'Parwanu', 14, '0'),
(1253, 'Rajgarh', 14, '0'),
(1254, 'Rampur', 14, '0'),
(1255, 'Rawalsar', 14, '0'),
(1256, 'Rohru', 14, '0'),
(1257, 'Sabathu', 14, '0'),
(1258, 'Santokhgarh', 14, '0'),
(1259, 'Sarahan', 14, '0'),
(1260, 'Sarka Ghat', 14, '0'),
(1261, 'Seoni', 14, '0'),
(1262, 'Shimla', 14, '0'),
(1263, 'Sirmaur', 14, '0'),
(1264, 'Solan', 14, '0'),
(1265, 'Solon', 14, '0'),
(1266, 'Sundarnagar', 14, '0'),
(1267, 'Sundernagar', 14, '0'),
(1268, 'Talai', 14, '0'),
(1269, 'Theog', 14, '0'),
(1270, 'Tira Sujanpur', 14, '0'),
(1271, 'Una', 14, '0'),
(1272, 'Yol', 14, '0'),
(1273, 'Achabal', 15, '0'),
(1274, 'Akhnur', 15, '0'),
(1275, 'Anantnag', 15, '0'),
(1276, 'Arnia', 15, '0'),
(1277, 'Awantipora', 15, '0'),
(1278, 'Badami Bagh', 15, '0'),
(1279, 'Bandipur', 15, '0'),
(1280, 'Banihal', 15, '0'),
(1281, 'Baramula', 15, '0'),
(1282, 'Baramulla', 15, '0'),
(1283, 'Bari Brahmana', 15, '0'),
(1284, 'Bashohli', 15, '0'),
(1285, 'Batote', 15, '0'),
(1286, 'Bhaderwah', 15, '0'),
(1287, 'Bijbiara', 15, '0'),
(1288, 'Billawar', 15, '0'),
(1289, 'Birwah', 15, '0'),
(1290, 'Bishna', 15, '0'),
(1291, 'Budgam', 15, '0'),
(1292, 'Charari Sharief', 15, '0'),
(1293, 'Chenani', 15, '0'),
(1294, 'Doda', 15, '0'),
(1295, 'Duru-Verinag', 15, '0'),
(1296, 'Gandarbat', 15, '0'),
(1297, 'Gho Manhasan', 15, '0'),
(1298, 'Gorah Salathian', 15, '0'),
(1299, 'Gulmarg', 15, '0'),
(1300, 'Hajan', 15, '0'),
(1301, 'Handwara', 15, '0'),
(1302, 'Hiranagar', 15, '0'),
(1303, 'Jammu', 15, '0'),
(1304, 'Jammu Cantonment', 15, '0'),
(1305, 'Jammu Tawi', 15, '0'),
(1306, 'Jourian', 15, '0'),
(1307, 'Kargil', 15, '0'),
(1308, 'Kathua', 15, '0'),
(1309, 'Katra', 15, '0'),
(1310, 'Khan Sahib', 15, '0'),
(1311, 'Khour', 15, '0'),
(1312, 'Khrew', 15, '0'),
(1313, 'Kishtwar', 15, '0'),
(1314, 'Kud', 15, '0'),
(1315, 'Kukernag', 15, '0'),
(1316, 'Kulgam', 15, '0'),
(1317, 'Kunzer', 15, '0'),
(1318, 'Kupwara', 15, '0'),
(1319, 'Lakhenpur', 15, '0'),
(1320, 'Leh', 15, '0'),
(1321, 'Magam', 15, '0'),
(1322, 'Mattan', 15, '0'),
(1323, 'Naushehra', 15, '0'),
(1324, 'Pahalgam', 15, '0'),
(1325, 'Pampore', 15, '0'),
(1326, 'Parole', 15, '0'),
(1327, 'Pattan', 15, '0'),
(1328, 'Pulwama', 15, '0'),
(1329, 'Punch', 15, '0'),
(1330, 'Qazigund', 15, '0'),
(1331, 'Rajauri', 15, '0'),
(1332, 'Ramban', 15, '0'),
(1333, 'Ramgarh', 15, '0'),
(1334, 'Ramnagar', 15, '0'),
(1335, 'Ranbirsingh Pora', 15, '0'),
(1336, 'Reasi', 15, '0'),
(1337, 'Rehambal', 15, '0'),
(1338, 'Samba', 15, '0'),
(1339, 'Shupiyan', 15, '0'),
(1340, 'Sopur', 15, '0'),
(1341, 'Srinagar', 15, '0'),
(1342, 'Sumbal', 15, '0'),
(1343, 'Sunderbani', 15, '0'),
(1344, 'Talwara', 15, '0'),
(1345, 'Thanamandi', 15, '0'),
(1346, 'Tral', 15, '0'),
(1347, 'Udhampur', 15, '0'),
(1348, 'Uri', 15, '0'),
(1349, 'Vijaypur', 15, '0'),
(1350, 'Adityapur', 16, '0'),
(1351, 'Amlabad', 16, '0'),
(1352, 'Angarpathar', 16, '0'),
(1353, 'Ara', 16, '0'),
(1354, 'Babua Kalan', 16, '0'),
(1355, 'Bagbahra', 16, '0'),
(1356, 'Baliapur', 16, '0'),
(1357, 'Baliari', 16, '0'),
(1358, 'Balkundra', 16, '0'),
(1359, 'Bandhgora', 16, '0'),
(1360, 'Barajamda', 16, '0'),
(1361, 'Barhi', 16, '0'),
(1362, 'Barka Kana', 16, '0'),
(1363, 'Barki Saraiya', 16, '0'),
(1364, 'Barughutu', 16, '0'),
(1365, 'Barwadih', 16, '0'),
(1366, 'Basaria', 16, '0'),
(1367, 'Basukinath', 16, '0'),
(1368, 'Bermo', 16, '0'),
(1369, 'Bhagatdih', 16, '0'),
(1370, 'Bhaurah', 16, '0'),
(1371, 'Bhojudih', 16, '0'),
(1372, 'Bhuli', 16, '0'),
(1373, 'Bokaro', 16, '0'),
(1374, 'Borio Bazar', 16, '0'),
(1375, 'Bundu', 16, '0'),
(1376, 'Chaibasa', 16, '0'),
(1377, 'Chaitudih', 16, '0'),
(1378, 'Chakradharpur', 16, '0'),
(1379, 'Chakulia', 16, '0'),
(1380, 'Chandaur', 16, '0'),
(1381, 'Chandil', 16, '0'),
(1382, 'Chandrapura', 16, '0'),
(1383, 'Chas', 16, '0'),
(1384, 'Chatra', 16, '0'),
(1385, 'Chhatatanr', 16, '0'),
(1386, 'Chhotaputki', 16, '0'),
(1387, 'Chiria', 16, '0'),
(1388, 'Chirkunda', 16, '0'),
(1389, 'Churi', 16, '0'),
(1390, 'Daltenganj', 16, '0'),
(1391, 'Danguwapasi', 16, '0'),
(1392, 'Dari', 16, '0'),
(1393, 'Deoghar', 16, '0'),
(1394, 'Deorikalan', 16, '0'),
(1395, 'Devghar', 16, '0'),
(1396, 'Dhanbad', 16, '0'),
(1397, 'Dhanwar', 16, '0'),
(1398, 'Dhaunsar', 16, '0'),
(1399, 'Dugda', 16, '0'),
(1400, 'Dumarkunda', 16, '0'),
(1401, 'Dumka', 16, '0'),
(1402, 'Egarkunr', 16, '0'),
(1403, 'Gadhra', 16, '0'),
(1404, 'Garwa', 16, '0'),
(1405, 'Ghatsila', 16, '0'),
(1406, 'Ghorabandha', 16, '0'),
(1407, 'Gidi', 16, '0'),
(1408, 'Giridih', 16, '0'),
(1409, 'Gobindpur', 16, '0'),
(1410, 'Godda', 16, '0'),
(1411, 'Godhar', 16, '0'),
(1412, 'Golphalbari', 16, '0'),
(1413, 'Gomoh', 16, '0'),
(1414, 'Gua', 16, '0'),
(1415, 'Gumia', 16, '0'),
(1416, 'Gumla', 16, '0'),
(1417, 'Haludbani', 16, '0'),
(1418, 'Hazaribag', 16, '0'),
(1419, 'Hesla', 16, '0'),
(1420, 'Husainabad', 16, '0'),
(1421, 'Isri', 16, '0'),
(1422, 'Jadugora', 16, '0'),
(1423, 'Jagannathpur', 16, '0'),
(1424, 'Jamadoba', 16, '0'),
(1425, 'Jamshedpur', 16, '0'),
(1426, 'Jamtara', 16, '0'),
(1427, 'Jarangdih', 16, '0'),
(1428, 'Jaridih', 16, '0'),
(1429, 'Jasidih', 16, '0'),
(1430, 'Jena', 16, '0'),
(1431, 'Jharia', 16, '0'),
(1432, 'Jharia Khas', 16, '0'),
(1433, 'Jhinkpani', 16, '0'),
(1434, 'Jhumri Tilaiya', 16, '0'),
(1435, 'Jorapokhar', 16, '0'),
(1436, 'Jugsalai', 16, '0'),
(1437, 'Kailudih', 16, '0'),
(1438, 'Kalikapur', 16, '0'),
(1439, 'Kandra', 16, '0'),
(1440, 'Kanke', 16, '0'),
(1441, 'Katras', 16, '0'),
(1442, 'Kedla', 16, '0'),
(1443, 'Kenduadih', 16, '0'),
(1444, 'Kharkhari', 16, '0'),
(1445, 'Kharsawan', 16, '0'),
(1446, 'Khelari', 16, '0'),
(1447, 'Khunti', 16, '0'),
(1448, 'Kiri Buru', 16, '0'),
(1449, 'Kiriburu', 16, '0'),
(1450, 'Kodarma', 16, '0'),
(1451, 'Kuju', 16, '0'),
(1452, 'Kurpania', 16, '0'),
(1453, 'Kustai', 16, '0'),
(1454, 'Lakarka', 16, '0'),
(1455, 'Lapanga', 16, '0'),
(1456, 'Latehar', 16, '0'),
(1457, 'Lohardaga', 16, '0'),
(1458, 'Loiya', 16, '0'),
(1459, 'Loyabad', 16, '0'),
(1460, 'Madhupur', 16, '0'),
(1461, 'Mahesh Mundi', 16, '0'),
(1462, 'Maithon', 16, '0'),
(1463, 'Malkera', 16, '0'),
(1464, 'Mango', 16, '0'),
(1465, 'Manoharpur', 16, '0'),
(1466, 'Marma', 16, '0'),
(1467, 'Meghahatuburu Forest village', 16, '0'),
(1468, 'Mera', 16, '0'),
(1469, 'Meru', 16, '0'),
(1470, 'Mihijam', 16, '0'),
(1471, 'Mugma', 16, '0'),
(1472, 'Muri', 16, '0'),
(1473, 'Mushabani', 16, '0'),
(1474, 'Nagri Kalan', 16, '0'),
(1475, 'Netarhat', 16, '0'),
(1476, 'Nirsa', 16, '0'),
(1477, 'Noamundi', 16, '0'),
(1478, 'Okni', 16, '0'),
(1479, 'Orla', 16, '0'),
(1480, 'Pakaur', 16, '0'),
(1481, 'Palamau', 16, '0'),
(1482, 'Palawa', 16, '0'),
(1483, 'Panchet', 16, '0'),
(1484, 'Panrra', 16, '0'),
(1485, 'Paratdih', 16, '0'),
(1486, 'Pathardih', 16, '0'),
(1487, 'Patratu', 16, '0'),
(1488, 'Phusro', 16, '0'),
(1489, 'Pondar Kanali', 16, '0'),
(1490, 'Rajmahal', 16, '0'),
(1491, 'Ramgarh', 16, '0'),
(1492, 'Ranchi', 16, '0'),
(1493, 'Ray', 16, '0'),
(1494, 'Rehla', 16, '0'),
(1495, 'Religara', 16, '0'),
(1496, 'Rohraband', 16, '0'),
(1497, 'Sahibganj', 16, '0'),
(1498, 'Sahnidih', 16, '0'),
(1499, 'Saraidhela', 16, '0'),
(1500, 'Saraikela', 16, '0'),
(1501, 'Sarjamda', 16, '0'),
(1502, 'Saunda', 16, '0'),
(1503, 'Sewai', 16, '0'),
(1504, 'Sijhua', 16, '0'),
(1505, 'Sijua', 16, '0'),
(1506, 'Simdega', 16, '0'),
(1507, 'Sindari', 16, '0'),
(1508, 'Sinduria', 16, '0'),
(1509, 'Sini', 16, '0'),
(1510, 'Sirka', 16, '0'),
(1511, 'Siuliban', 16, '0'),
(1512, 'Surubera', 16, '0'),
(1513, 'Tati', 16, '0'),
(1514, 'Tenudam', 16, '0'),
(1515, 'Tisra', 16, '0'),
(1516, 'Topa', 16, '0'),
(1517, 'Topchanchi', 16, '0'),
(1518, 'Adityanagar', 17, '0'),
(1519, 'Adityapatna', 17, '0'),
(1520, 'Afzalpur', 17, '0'),
(1521, 'Ajjampur', 17, '0'),
(1522, 'Aland', 17, '0'),
(1523, 'Almatti Sitimani', 17, '0'),
(1524, 'Alnavar', 17, '0'),
(1525, 'Alur', 17, '0'),
(1526, 'Ambikanagara', 17, '0'),
(1527, 'Anekal', 17, '0'),
(1528, 'Ankola', 17, '0'),
(1529, 'Annigeri', 17, '0'),
(1530, 'Arkalgud', 17, '0'),
(1531, 'Arsikere', 17, '0'),
(1532, 'Athni', 17, '0'),
(1533, 'Aurad', 17, '0'),
(1534, 'Badagavettu', 17, '0'),
(1535, 'Badami', 17, '0'),
(1536, 'Bagalkot', 17, '0'),
(1537, 'Bagepalli', 17, '0'),
(1538, 'Bailhongal', 17, '0'),
(1539, 'Baindur', 17, '0'),
(1540, 'Bajala', 17, '0'),
(1541, 'Bajpe', 17, '0'),
(1542, 'Banavar', 17, '0'),
(1543, 'Bangarapet', 17, '0'),
(1544, 'Bankapura', 17, '0'),
(1545, 'Bannur', 17, '0'),
(1546, 'Bantwal', 17, '0'),
(1547, 'Basavakalyan', 17, '0'),
(1548, 'Basavana Bagevadi', 17, '0'),
(1549, 'Belagula', 17, '0'),
(1550, 'Belakavadiq', 17, '0'),
(1551, 'Belgaum', 17, '0'),
(1552, 'Belgaum Cantonment', 17, '0'),
(1553, 'Bellary', 17, '0'),
(1554, 'Belluru', 17, '0'),
(1555, 'Beltangadi', 17, '0'),
(1556, 'Belur', 17, '0'),
(1557, 'Belvata', 17, '0'),
(1558, 'Bengaluru', 17, '0'),
(1559, 'Bhadravati', 17, '0'),
(1560, 'Bhalki', 17, '0'),
(1561, 'Bhatkal', 17, '0'),
(1562, 'Bhimarayanagudi', 17, '0'),
(1563, 'Bhogadi', 17, '0'),
(1564, 'Bidar', 17, '0'),
(1565, 'Bijapur', 17, '0'),
(1566, 'Bilgi', 17, '0'),
(1567, 'Birur', 17, '0'),
(1568, 'Bommanahalli', 17, '0'),
(1569, 'Bommasandra', 17, '0'),
(1570, 'Byadgi', 17, '0'),
(1571, 'Byatarayanapura', 17, '0'),
(1572, 'Chakranagar Colony', 17, '0'),
(1573, 'Challakere', 17, '0'),
(1574, 'Chamrajnagar', 17, '0'),
(1575, 'Chamundi Betta', 17, '0'),
(1576, 'Channagiri', 17, '0'),
(1577, 'Channapatna', 17, '0'),
(1578, 'Channarayapatna', 17, '0'),
(1579, 'Chickballapur', 17, '0'),
(1580, 'Chik Ballapur', 17, '0'),
(1581, 'Chikkaballapur', 17, '0'),
(1582, 'Chikmagalur', 17, '0'),
(1583, 'Chiknayakanhalli', 17, '0'),
(1584, 'Chikodi', 17, '0'),
(1585, 'Chincholi', 17, '0'),
(1586, 'Chintamani', 17, '0'),
(1587, 'Chitaguppa', 17, '0'),
(1588, 'Chitapur', 17, '0'),
(1589, 'Chitradurga', 17, '0'),
(1590, 'Coorg', 17, '0'),
(1591, 'Dandeli', 17, '0'),
(1592, 'Dargajogihalli', 17, '0'),
(1593, 'Dasarahalli', 17, '0'),
(1594, 'Davangere', 17, '0'),
(1595, 'Devadurga', 17, '0'),
(1596, 'Devagiri', 17, '0'),
(1597, 'Devanhalli', 17, '0'),
(1598, 'Dharwar', 17, '0'),
(1599, 'Dhupdal', 17, '0'),
(1600, 'Dod Ballapur', 17, '0'),
(1601, 'Donimalai', 17, '0'),
(1602, 'Gadag', 17, '0'),
(1603, 'Gajendragarh', 17, '0'),
(1604, 'Ganeshgudi', 17, '0'),
(1605, 'Gangawati', 17, '0'),
(1606, 'Gangoli', 17, '0'),
(1607, 'Gauribidanur', 17, '0'),
(1608, 'Gokak', 17, '0'),
(1609, 'Gokak Falls', 17, '0'),
(1610, 'Gonikoppal', 17, '0'),
(1611, 'Gorur', 17, '0'),
(1612, 'Gottikere', 17, '0'),
(1613, 'Gubbi', 17, '0'),
(1614, 'Gudibanda', 17, '0'),
(1615, 'Gulbarga', 17, '0'),
(1616, 'Guledgudda', 17, '0'),
(1617, 'Gundlupet', 17, '0'),
(1618, 'Gurmatkal', 17, '0'),
(1619, 'Haliyal', 17, '0'),
(1620, 'Hangal', 17, '0'),
(1621, 'Harihar', 17, '0'),
(1622, 'Harpanahalli', 17, '0'),
(1623, 'Hassan', 17, '0'),
(1624, 'Hatti', 17, '0'),
(1625, 'Hatti Gold Mines', 17, '0'),
(1626, 'Haveri', 17, '0'),
(1627, 'Hebbagodi', 17, '0'),
(1628, 'Hebbalu', 17, '0'),
(1629, 'Hebri', 17, '0'),
(1630, 'Heggadadevanakote', 17, '0'),
(1631, 'Herohalli', 17, '0'),
(1632, 'Hidkal', 17, '0'),
(1633, 'Hindalgi', 17, '0'),
(1634, 'Hirekerur', 17, '0'),
(1635, 'Hiriyur', 17, '0'),
(1636, 'Holalkere', 17, '0'),
(1637, 'Hole Narsipur', 17, '0'),
(1638, 'Homnabad', 17, '0'),
(1639, 'Honavar', 17, '0'),
(1640, 'Honnali', 17, '0'),
(1641, 'Hosakote', 17, '0'),
(1642, 'Hosanagara', 17, '0'),
(1643, 'Hosangadi', 17, '0'),
(1644, 'Hosdurga', 17, '0'),
(1645, 'Hoskote', 17, '0'),
(1646, 'Hospet', 17, '0'),
(1647, 'Hubli', 17, '0'),
(1648, 'Hukeri', 17, '0'),
(1649, 'Hunasagi', 17, '0'),
(1650, 'Hunasamaranahalli', 17, '0'),
(1651, 'Hungund', 17, '0'),
(1652, 'Hunsur', 17, '0'),
(1653, 'Huvina Hadagalli', 17, '0'),
(1654, 'Ilkal', 17, '0'),
(1655, 'Indi', 17, '0'),
(1656, 'Jagalur', 17, '0'),
(1657, 'Jamkhandi', 17, '0'),
(1658, 'Jevargi', 17, '0'),
(1659, 'Jog Falls', 17, '0'),
(1660, 'Kabini Colony', 17, '0'),
(1661, 'Kadur', 17, '0'),
(1662, 'Kalghatgi', 17, '0'),
(1663, 'Kamalapuram', 17, '0'),
(1664, 'Kampli', 17, '0'),
(1665, 'Kanakapura', 17, '0'),
(1666, 'Kangrali BK', 17, '0'),
(1667, 'Kangrali KH', 17, '0'),
(1668, 'Kannur', 17, '0'),
(1669, 'Karkala', 17, '0'),
(1670, 'Karwar', 17, '0'),
(1671, 'Kemminja', 17, '0'),
(1672, 'Kengeri', 17, '0'),
(1673, 'Kerur', 17, '0'),
(1674, 'Khanapur', 17, '0'),
(1675, 'Kodigenahalli', 17, '0'),
(1676, 'Kodiyal', 17, '0'),
(1677, 'Kodlipet', 17, '0'),
(1678, 'Kolar', 17, '0'),
(1679, 'Kollegal', 17, '0'),
(1680, 'Konanakunte', 17, '0'),
(1681, 'Konanur', 17, '0'),
(1682, 'Konnur', 17, '0'),
(1683, 'Koppa', 17, '0'),
(1684, 'Koppal', 17, '0'),
(1685, 'Koratagere', 17, '0'),
(1686, 'Kotekara', 17, '0'),
(1687, 'Kothnur', 17, '0'),
(1688, 'Kotturu', 17, '0'),
(1689, 'Krishnapura', 17, '0'),
(1690, 'Krishnarajanagar', 17, '0'),
(1691, 'Krishnarajapura', 17, '0'),
(1692, 'Krishnarajasagara', 17, '0'),
(1693, 'Krishnarajpet', 17, '0'),
(1694, 'Kudchi', 17, '0'),
(1695, 'Kudligi', 17, '0'),
(1696, 'Kudremukh', 17, '0'),
(1697, 'Kumsi', 17, '0'),
(1698, 'Kumta', 17, '0'),
(1699, 'Kundapura', 17, '0'),
(1700, 'Kundgol', 17, '0'),
(1701, 'Kunigal', 17, '0'),
(1702, 'Kurgunta', 17, '0'),
(1703, 'Kushalnagar', 17, '0'),
(1704, 'Kushtagi', 17, '0'),
(1705, 'Kyathanahalli', 17, '0'),
(1706, 'Lakshmeshwar', 17, '0'),
(1707, 'Lingsugur', 17, '0'),
(1708, 'Londa', 17, '0'),
(1709, 'Maddur', 17, '0'),
(1710, 'Madhugiri', 17, '0'),
(1711, 'Madikeri', 17, '0'),
(1712, 'Magadi', 17, '0'),
(1713, 'Magod Falls', 17, '0'),
(1714, 'Mahadeswara Hills', 17, '0'),
(1715, 'Mahadevapura', 17, '0'),
(1716, 'Mahalingpur', 17, '0'),
(1717, 'Maisuru', 17, '0'),
(1718, 'Maisuru Cantonment', 17, '0'),
(1719, 'Malavalli', 17, '0'),
(1720, 'Mallar', 17, '0'),
(1721, 'Malpe', 17, '0'),
(1722, 'Malur', 17, '0'),
(1723, 'Manchenahalli', 17, '0'),
(1724, 'Mandya', 17, '0'),
(1725, 'Mangalore', 17, '0'),
(1726, 'Mangaluru', 17, '0'),
(1727, 'Manipal', 17, '0'),
(1728, 'Manvi', 17, '0'),
(1729, 'Maski', 17, '0'),
(1730, 'Mastikatte Colony', 17, '0'),
(1731, 'Mayakonda', 17, '0'),
(1732, 'Melukote', 17, '0'),
(1733, 'Molakalmuru', 17, '0'),
(1734, 'Mudalgi', 17, '0'),
(1735, 'Mudbidri', 17, '0'),
(1736, 'Muddebihal', 17, '0'),
(1737, 'Mudgal', 17, '0'),
(1738, 'Mudhol', 17, '0'),
(1739, 'Mudigere', 17, '0'),
(1740, 'Mudushedde', 17, '0'),
(1741, 'Mulbagal', 17, '0'),
(1742, 'Mulgund', 17, '0'),
(1743, 'Mulki', 17, '0'),
(1744, 'Mulur', 17, '0'),
(1745, 'Mundargi', 17, '0'),
(1746, 'Mundgod', 17, '0'),
(1747, 'Munirabad', 17, '0'),
(1748, 'Munnur', 17, '0'),
(1749, 'Murudeshwara', 17, '0'),
(1750, 'Mysore', 17, '0'),
(1751, 'Nagamangala', 17, '0'),
(1752, 'Nanjangud', 17, '0'),
(1753, 'Naragund', 17, '0'),
(1754, 'Narasimharajapura', 17, '0'),
(1755, 'Naravi', 17, '0'),
(1756, 'Narayanpur', 17, '0'),
(1757, 'Naregal', 17, '0'),
(1758, 'Navalgund', 17, '0'),
(1759, 'Nelmangala', 17, '0'),
(1760, 'Nipani', 17, '0'),
(1761, 'Nitte', 17, '0'),
(1762, 'Nyamati', 17, '0'),
(1763, 'Padu', 17, '0'),
(1764, 'Pandavapura', 17, '0'),
(1765, 'Pattanagere', 17, '0'),
(1766, 'Pavagada', 17, '0'),
(1767, 'Piriyapatna', 17, '0'),
(1768, 'Ponnampet', 17, '0'),
(1769, 'Puttur', 17, '0'),
(1770, 'Rabkavi', 17, '0'),
(1771, 'Raichur', 17, '0'),
(1772, 'Ramanagaram', 17, '0'),
(1773, 'Ramdurg', 17, '0'),
(1774, 'Ranibennur', 17, '0'),
(1775, 'Raybag', 17, '0'),
(1776, 'Robertsonpet', 17, '0'),
(1777, 'Ron', 17, '0'),
(1778, 'Sadalgi', 17, '0'),
(1779, 'Sagar', 17, '0'),
(1780, 'Sakleshpur', 17, '0'),
(1781, 'Saligram', 17, '0'),
(1782, 'Sandur', 17, '0'),
(1783, 'Sanivarsante', 17, '0'),
(1784, 'Sankeshwar', 17, '0'),
(1785, 'Sargur', 17, '0'),
(1786, 'Sathyamangala', 17, '0'),
(1787, 'Saundatti Yellamma', 17, '0'),
(1788, 'Savanur', 17, '0'),
(1789, 'Sedam', 17, '0'),
(1790, 'Shahabad', 17, '0'),
(1791, 'Shahabad A.C.C.', 17, '0'),
(1792, 'Shahapur', 17, '0'),
(1793, 'Shahpur', 17, '0'),
(1794, 'Shaktinagar', 17, '0'),
(1795, 'Shiggaon', 17, '0'),
(1796, 'Shikarpur', 17, '0'),
(1797, 'Shimoga', 17, '0'),
(1798, 'Shirhatti', 17, '0'),
(1799, 'Shorapur', 17, '0'),
(1800, 'Shravanabelagola', 17, '0'),
(1801, 'Shrirangapattana', 17, '0'),
(1802, 'Siddapur', 17, '0'),
(1803, 'Sidlaghatta', 17, '0'),
(1804, 'Sindgi', 17, '0'),
(1805, 'Sindhnur', 17, '0'),
(1806, 'Sira', 17, '0'),
(1807, 'Sirakoppa', 17, '0'),
(1808, 'Sirsi', 17, '0'),
(1809, 'Siruguppa', 17, '0'),
(1810, 'Someshwar', 17, '0'),
(1811, 'Somvarpet', 17, '0'),
(1812, 'Sorab', 17, '0'),
(1813, 'Sringeri', 17, '0'),
(1814, 'Srinivaspur', 17, '0'),
(1815, 'Sulya', 17, '0'),
(1816, 'Suntikopa', 17, '0'),
(1817, 'Talikota', 17, '0'),
(1818, 'Tarikera', 17, '0'),
(1819, 'Tekkalakota', 17, '0'),
(1820, 'Terdal', 17, '0'),
(1821, 'Thokur', 17, '0'),
(1822, 'Thumbe', 17, '0'),
(1823, 'Tiptur', 17, '0'),
(1824, 'Tirthahalli', 17, '0'),
(1825, 'Tirumakudal Narsipur', 17, '0'),
(1826, 'Tonse', 17, '0'),
(1827, 'Tumkur', 17, '0'),
(1828, 'Turuvekere', 17, '0'),
(1829, 'Udupi', 17, '0'),
(1830, 'Ullal', 17, '0'),
(1831, 'Uttarahalli', 17, '0'),
(1832, 'Venkatapura', 17, '0'),
(1833, 'Vijayapura', 17, '0'),
(1834, 'Virarajendrapet', 17, '0'),
(1835, 'Wadi', 17, '0'),
(1836, 'Wadi A.C.C.', 17, '0'),
(1837, 'Yadgir', 17, '0'),
(1838, 'Yelahanka', 17, '0'),
(1839, 'Yelandur', 17, '0'),
(1840, 'Yelbarga', 17, '0'),
(1841, 'Yellapur', 17, '0'),
(1842, 'Yenagudde', 17, '0'),
(1843, 'Adimaly', 19, '0'),
(1844, 'Adoor', 19, '0'),
(1845, 'Adur', 19, '0'),
(1846, 'Akathiyur', 19, '0'),
(1847, 'Alangad', 19, '0'),
(1848, 'Alappuzha', 19, '0'),
(1849, 'Aluva', 19, '0'),
(1850, 'Ancharakandy', 19, '0'),
(1851, 'Angamaly', 19, '0'),
(1852, 'Aroor', 19, '0'),
(1853, 'Arukutti', 19, '0'),
(1854, 'Attingal', 19, '0'),
(1855, 'Avinissery', 19, '0'),
(1856, 'Azhikode North', 19, '0'),
(1857, 'Azhikode South', 19, '0'),
(1858, 'Azhiyur', 19, '0'),
(1859, 'Balussery', 19, '0'),
(1860, 'Bangramanjeshwar', 19, '0'),
(1861, 'Beypur', 19, '0'),
(1862, 'Brahmakulam', 19, '0'),
(1863, 'Chala', 19, '0'),
(1864, 'Chalakudi', 19, '0'),
(1865, 'Changanacheri', 19, '0'),
(1866, 'Chauwara', 19, '0'),
(1867, 'Chavakkad', 19, '0'),
(1868, 'Chelakkara', 19, '0'),
(1869, 'Chelora', 19, '0'),
(1870, 'Chendamangalam', 19, '0'),
(1871, 'Chengamanad', 19, '0'),
(1872, 'Chengannur', 19, '0'),
(1873, 'Cheranallur', 19, '0'),
(1874, 'Cheriyakadavu', 19, '0'),
(1875, 'Cherthala', 19, '0'),
(1876, 'Cherukunnu', 19, '0'),
(1877, 'Cheruthazham', 19, '0'),
(1878, 'Cheruvannur', 19, '0'),
(1879, 'Cheruvattur', 19, '0'),
(1880, 'Chevvur', 19, '0'),
(1881, 'Chirakkal', 19, '0'),
(1882, 'Chittur', 19, '0'),
(1883, 'Chockli', 19, '0'),
(1884, 'Churnikkara', 19, '0'),
(1885, 'Dharmadam', 19, '0'),
(1886, 'Edappal', 19, '0'),
(1887, 'Edathala', 19, '0'),
(1888, 'Elayavur', 19, '0'),
(1889, 'Elur', 19, '0'),
(1890, 'Eranholi', 19, '0'),
(1891, 'Erattupetta', 19, '0'),
(1892, 'Ernakulam', 19, '0'),
(1893, 'Eruvatti', 19, '0'),
(1894, 'Ettumanoor', 19, '0'),
(1895, 'Feroke', 19, '0'),
(1896, 'Guruvayur', 19, '0'),
(1897, 'Haripad', 19, '0'),
(1898, 'Hosabettu', 19, '0');
INSERT INTO `cities` (`id`, `name`, `state_id`, `is_del`) VALUES
(1899, 'Idukki', 19, '0'),
(1900, 'Iringaprom', 19, '0'),
(1901, 'Irinjalakuda', 19, '0'),
(1902, 'Iriveri', 19, '0'),
(1903, 'Kadachira', 19, '0'),
(1904, 'Kadalundi', 19, '0'),
(1905, 'Kadamakkudy', 19, '0'),
(1906, 'Kadirur', 19, '0'),
(1907, 'Kadungallur', 19, '0'),
(1908, 'Kakkodi', 19, '0'),
(1909, 'Kalady', 19, '0'),
(1910, 'Kalamassery', 19, '0'),
(1911, 'Kalliasseri', 19, '0'),
(1912, 'Kalpetta', 19, '0'),
(1913, 'Kanhangad', 19, '0'),
(1914, 'Kanhirode', 19, '0'),
(1915, 'Kanjikkuzhi', 19, '0'),
(1916, 'Kanjikode', 19, '0'),
(1917, 'Kanjirappalli', 19, '0'),
(1918, 'Kannadiparamba', 19, '0'),
(1919, 'Kannangad', 19, '0'),
(1920, 'Kannapuram', 19, '0'),
(1921, 'Kannur', 19, '0'),
(1922, 'Kannur Cantonment', 19, '0'),
(1923, 'Karunagappally', 19, '0'),
(1924, 'Karuvamyhuruthy', 19, '0'),
(1925, 'Kasaragod', 19, '0'),
(1926, 'Kasargod', 19, '0'),
(1927, 'Kattappana', 19, '0'),
(1928, 'Kayamkulam', 19, '0'),
(1929, 'Kedamangalam', 19, '0'),
(1930, 'Kochi', 19, '0'),
(1931, 'Kodamthuruthu', 19, '0'),
(1932, 'Kodungallur', 19, '0'),
(1933, 'Koduvally', 19, '0'),
(1934, 'Koduvayur', 19, '0'),
(1935, 'Kokkothamangalam', 19, '0'),
(1936, 'Kolazhy', 19, '0'),
(1937, 'Kollam', 19, '0'),
(1938, 'Komalapuram', 19, '0'),
(1939, 'Koothattukulam', 19, '0'),
(1940, 'Koratty', 19, '0'),
(1941, 'Kothamangalam', 19, '0'),
(1942, 'Kottarakkara', 19, '0'),
(1943, 'Kottayam', 19, '0'),
(1944, 'Kottayam Malabar', 19, '0'),
(1945, 'Kottuvally', 19, '0'),
(1946, 'Koyilandi', 19, '0'),
(1947, 'Kozhikode', 19, '0'),
(1948, 'Kudappanakunnu', 19, '0'),
(1949, 'Kudlu', 19, '0'),
(1950, 'Kumarakom', 19, '0'),
(1951, 'Kumily', 19, '0'),
(1952, 'Kunnamangalam', 19, '0'),
(1953, 'Kunnamkulam', 19, '0'),
(1954, 'Kurikkad', 19, '0'),
(1955, 'Kurkkanchery', 19, '0'),
(1956, 'Kuthuparamba', 19, '0'),
(1957, 'Kuttakulam', 19, '0'),
(1958, 'Kuttikkattur', 19, '0'),
(1959, 'Kuttur', 19, '0'),
(1960, 'Malappuram', 19, '0'),
(1961, 'Mallappally', 19, '0'),
(1962, 'Manjeri', 19, '0'),
(1963, 'Manjeshwar', 19, '0'),
(1964, 'Mannancherry', 19, '0'),
(1965, 'Mannar', 19, '0'),
(1966, 'Mannarakkat', 19, '0'),
(1967, 'Maradu', 19, '0'),
(1968, 'Marathakkara', 19, '0'),
(1969, 'Marutharod', 19, '0'),
(1970, 'Mattannur', 19, '0'),
(1971, 'Mavelikara', 19, '0'),
(1972, 'Mavilayi', 19, '0'),
(1973, 'Mavur', 19, '0'),
(1974, 'Methala', 19, '0'),
(1975, 'Muhamma', 19, '0'),
(1976, 'Mulavukad', 19, '0'),
(1977, 'Mundakayam', 19, '0'),
(1978, 'Munderi', 19, '0'),
(1979, 'Munnar', 19, '0'),
(1980, 'Muthakunnam', 19, '0'),
(1981, 'Muvattupuzha', 19, '0'),
(1982, 'Muzhappilangad', 19, '0'),
(1983, 'Nadapuram', 19, '0'),
(1984, 'Nadathara', 19, '0'),
(1985, 'Narath', 19, '0'),
(1986, 'Nattakam', 19, '0'),
(1987, 'Nedumangad', 19, '0'),
(1988, 'Nenmenikkara', 19, '0'),
(1989, 'New Mahe', 19, '0'),
(1990, 'Neyyattinkara', 19, '0'),
(1991, 'Nileshwar', 19, '0'),
(1992, 'Olavanna', 19, '0'),
(1993, 'Ottapalam', 19, '0'),
(1994, 'Ottappalam', 19, '0'),
(1995, 'Paduvilayi', 19, '0'),
(1996, 'Palai', 19, '0'),
(1997, 'Palakkad', 19, '0'),
(1998, 'Palayad', 19, '0'),
(1999, 'Palissery', 19, '0'),
(2000, 'Pallikkunnu', 19, '0'),
(2001, 'Paluvai', 19, '0'),
(2002, 'Panniyannur', 19, '0'),
(2003, 'Pantalam', 19, '0'),
(2004, 'Panthiramkavu', 19, '0'),
(2005, 'Panur', 19, '0'),
(2006, 'Pappinisseri', 19, '0'),
(2007, 'Parassala', 19, '0'),
(2008, 'Paravur', 19, '0'),
(2009, 'Pathanamthitta', 19, '0'),
(2010, 'Pathanapuram', 19, '0'),
(2011, 'Pathiriyad', 19, '0'),
(2012, 'Pattambi', 19, '0'),
(2013, 'Pattiom', 19, '0'),
(2014, 'Pavaratty', 19, '0'),
(2015, 'Payyannur', 19, '0'),
(2016, 'Peermade', 19, '0'),
(2017, 'Perakam', 19, '0'),
(2018, 'Peralasseri', 19, '0'),
(2019, 'Peringathur', 19, '0'),
(2020, 'Perinthalmanna', 19, '0'),
(2021, 'Perole', 19, '0'),
(2022, 'Perumanna', 19, '0'),
(2023, 'Perumbaikadu', 19, '0'),
(2024, 'Perumbavoor', 19, '0'),
(2025, 'Pinarayi', 19, '0'),
(2026, 'Piravam', 19, '0'),
(2027, 'Ponnani', 19, '0'),
(2028, 'Pottore', 19, '0'),
(2029, 'Pudukad', 19, '0'),
(2030, 'Punalur', 19, '0'),
(2031, 'Puranattukara', 19, '0'),
(2032, 'Puthunagaram', 19, '0'),
(2033, 'Puthuppariyaram', 19, '0'),
(2034, 'Puzhathi', 19, '0'),
(2035, 'Ramanattukara', 19, '0'),
(2036, 'Shoranur', 19, '0'),
(2037, 'Sultans Battery', 19, '0'),
(2038, 'Sulthan Bathery', 19, '0'),
(2039, 'Talipparamba', 19, '0'),
(2040, 'Thaikkad', 19, '0'),
(2041, 'Thalassery', 19, '0'),
(2042, 'Thannirmukkam', 19, '0'),
(2043, 'Theyyalingal', 19, '0'),
(2044, 'Thiruvalla', 19, '0'),
(2045, 'Thiruvananthapuram', 19, '0'),
(2046, 'Thiruvankulam', 19, '0'),
(2047, 'Thodupuzha', 19, '0'),
(2048, 'Thottada', 19, '0'),
(2049, 'Thrippunithura', 19, '0'),
(2050, 'Thrissur', 19, '0'),
(2051, 'Tirur', 19, '0'),
(2052, 'Udma', 19, '0'),
(2053, 'Vadakara', 19, '0'),
(2054, 'Vaikam', 19, '0'),
(2055, 'Valapattam', 19, '0'),
(2056, 'Vallachira', 19, '0'),
(2057, 'Varam', 19, '0'),
(2058, 'Varappuzha', 19, '0'),
(2059, 'Varkala', 19, '0'),
(2060, 'Vayalar', 19, '0'),
(2061, 'Vazhakkala', 19, '0'),
(2062, 'Venmanad', 19, '0'),
(2063, 'Villiappally', 19, '0'),
(2064, 'Wayanad', 19, '0'),
(2065, 'Agethi', 20, '0'),
(2066, 'Amini', 20, '0'),
(2067, 'Androth Island', 20, '0'),
(2068, 'Kavaratti', 20, '0'),
(2069, 'Minicoy', 20, '0'),
(2070, 'Agar', 21, '0'),
(2071, 'Ajaigarh', 21, '0'),
(2072, 'Akoda', 21, '0'),
(2073, 'Akodia', 21, '0'),
(2074, 'Alampur', 21, '0'),
(2075, 'Alirajpur', 21, '0'),
(2076, 'Alot', 21, '0'),
(2077, 'Amanganj', 21, '0'),
(2078, 'Amarkantak', 21, '0'),
(2079, 'Amarpatan', 21, '0'),
(2080, 'Amarwara', 21, '0'),
(2081, 'Ambada', 21, '0'),
(2082, 'Ambah', 21, '0'),
(2083, 'Amla', 21, '0'),
(2084, 'Amlai', 21, '0'),
(2085, 'Anjad', 21, '0'),
(2086, 'Antri', 21, '0'),
(2087, 'Anuppur', 21, '0'),
(2088, 'Aron', 21, '0'),
(2089, 'Ashoknagar', 21, '0'),
(2090, 'Ashta', 21, '0'),
(2091, 'Babai', 21, '0'),
(2092, 'Bada Malhera', 21, '0'),
(2093, 'Badagaon', 21, '0'),
(2094, 'Badagoan', 21, '0'),
(2095, 'Badarwas', 21, '0'),
(2096, 'Badawada', 21, '0'),
(2097, 'Badi', 21, '0'),
(2098, 'Badkuhi', 21, '0'),
(2099, 'Badnagar', 21, '0'),
(2100, 'Badnawar', 21, '0'),
(2101, 'Badod', 21, '0'),
(2102, 'Badoda', 21, '0'),
(2103, 'Badra', 21, '0'),
(2104, 'Bagh', 21, '0'),
(2105, 'Bagli', 21, '0'),
(2106, 'Baihar', 21, '0'),
(2107, 'Baikunthpur', 21, '0'),
(2108, 'Bakswaha', 21, '0'),
(2109, 'Balaghat', 21, '0'),
(2110, 'Baldeogarh', 21, '0'),
(2111, 'Bamaniya', 21, '0'),
(2112, 'Bamhani', 21, '0'),
(2113, 'Bamor', 21, '0'),
(2114, 'Bamora', 21, '0'),
(2115, 'Banda', 21, '0'),
(2116, 'Bangawan', 21, '0'),
(2117, 'Bansatar Kheda', 21, '0'),
(2118, 'Baraily', 21, '0'),
(2119, 'Barela', 21, '0'),
(2120, 'Barghat', 21, '0'),
(2121, 'Bargi', 21, '0'),
(2122, 'Barhi', 21, '0'),
(2123, 'Barigarh', 21, '0'),
(2124, 'Barwaha', 21, '0'),
(2125, 'Barwani', 21, '0'),
(2126, 'Basoda', 21, '0'),
(2127, 'Begamganj', 21, '0'),
(2128, 'Beohari', 21, '0'),
(2129, 'Berasia', 21, '0'),
(2130, 'Betma', 21, '0'),
(2131, 'Betul', 21, '0'),
(2132, 'Betul Bazar', 21, '0'),
(2133, 'Bhainsdehi', 21, '0'),
(2134, 'Bhamodi', 21, '0'),
(2135, 'Bhander', 21, '0'),
(2136, 'Bhanpura', 21, '0'),
(2137, 'Bharveli', 21, '0'),
(2138, 'Bhaurasa', 21, '0'),
(2139, 'Bhavra', 21, '0'),
(2140, 'Bhedaghat', 21, '0'),
(2141, 'Bhikangaon', 21, '0'),
(2142, 'Bhilakhedi', 21, '0'),
(2143, 'Bhind', 21, '0'),
(2144, 'Bhitarwar', 21, '0'),
(2145, 'Bhopal', 21, '0'),
(2146, 'Bhuibandh', 21, '0'),
(2147, 'Biaora', 21, '0'),
(2148, 'Bijawar', 21, '0'),
(2149, 'Bijeypur', 21, '0'),
(2150, 'Bijrauni', 21, '0'),
(2151, 'Bijuri', 21, '0'),
(2152, 'Bilaua', 21, '0'),
(2153, 'Bilpura', 21, '0'),
(2154, 'Bina Railway Colony', 21, '0'),
(2155, 'Bina-Etawa', 21, '0'),
(2156, 'Birsinghpur', 21, '0'),
(2157, 'Boda', 21, '0'),
(2158, 'Budhni', 21, '0'),
(2159, 'Burhanpur', 21, '0'),
(2160, 'Burhar', 21, '0'),
(2161, 'Chachaura Binaganj', 21, '0'),
(2162, 'Chakghat', 21, '0'),
(2163, 'Chandameta Butar', 21, '0'),
(2164, 'Chanderi', 21, '0'),
(2165, 'Chandia', 21, '0'),
(2166, 'Chandla', 21, '0'),
(2167, 'Chaurai Khas', 21, '0'),
(2168, 'Chhatarpur', 21, '0'),
(2169, 'Chhindwara', 21, '0'),
(2170, 'Chhota Chhindwara', 21, '0'),
(2171, 'Chichli', 21, '0'),
(2172, 'Chitrakut', 21, '0'),
(2173, 'Churhat', 21, '0'),
(2174, 'Daboh', 21, '0'),
(2175, 'Dabra', 21, '0'),
(2176, 'Damoh', 21, '0'),
(2177, 'Damua', 21, '0'),
(2178, 'Datia', 21, '0'),
(2179, 'Deodara', 21, '0'),
(2180, 'Deori', 21, '0'),
(2181, 'Deori Khas', 21, '0'),
(2182, 'Depalpur', 21, '0'),
(2183, 'Devendranagar', 21, '0'),
(2184, 'Devhara', 21, '0'),
(2185, 'Dewas', 21, '0'),
(2186, 'Dhamnod', 21, '0'),
(2187, 'Dhana', 21, '0'),
(2188, 'Dhanpuri', 21, '0'),
(2189, 'Dhar', 21, '0'),
(2190, 'Dharampuri', 21, '0'),
(2191, 'Dighawani', 21, '0'),
(2192, 'Diken', 21, '0'),
(2193, 'Dindori', 21, '0'),
(2194, 'Dola', 21, '0'),
(2195, 'Dumar Kachhar', 21, '0'),
(2196, 'Dungariya Chhapara', 21, '0'),
(2197, 'Gadarwara', 21, '0'),
(2198, 'Gairatganj', 21, '0'),
(2199, 'Gandhi Sagar Hydel Colony', 21, '0'),
(2200, 'Ganjbasoda', 21, '0'),
(2201, 'Garhakota', 21, '0'),
(2202, 'Garhi Malhara', 21, '0'),
(2203, 'Garoth', 21, '0'),
(2204, 'Gautapura', 21, '0'),
(2205, 'Ghansor', 21, '0'),
(2206, 'Ghuwara', 21, '0'),
(2207, 'Gogaon', 21, '0'),
(2208, 'Gogapur', 21, '0'),
(2209, 'Gohad', 21, '0'),
(2210, 'Gormi', 21, '0'),
(2211, 'Govindgarh', 21, '0'),
(2212, 'Guna', 21, '0'),
(2213, 'Gurh', 21, '0'),
(2214, 'Gwalior', 21, '0'),
(2215, 'Hanumana', 21, '0'),
(2216, 'Harda', 21, '0'),
(2217, 'Harpalpur', 21, '0'),
(2218, 'Harrai', 21, '0'),
(2219, 'Harsud', 21, '0'),
(2220, 'Hatod', 21, '0'),
(2221, 'Hatpipalya', 21, '0'),
(2222, 'Hatta', 21, '0'),
(2223, 'Hindoria', 21, '0'),
(2224, 'Hirapur', 21, '0'),
(2225, 'Hoshangabad', 21, '0'),
(2226, 'Ichhawar', 21, '0'),
(2227, 'Iklehra', 21, '0'),
(2228, 'Indergarh', 21, '0'),
(2229, 'Indore', 21, '0'),
(2230, 'Isagarh', 21, '0'),
(2231, 'Itarsi', 21, '0'),
(2232, 'Jabalpur', 21, '0'),
(2233, 'Jabalpur Cantonment', 21, '0'),
(2234, 'Jabalpur G.C.F', 21, '0'),
(2235, 'Jaisinghnagar', 21, '0'),
(2236, 'Jaithari', 21, '0'),
(2237, 'Jaitwara', 21, '0'),
(2238, 'Jamai', 21, '0'),
(2239, 'Jaora', 21, '0'),
(2240, 'Jatachhapar', 21, '0'),
(2241, 'Jatara', 21, '0'),
(2242, 'Jawad', 21, '0'),
(2243, 'Jawar', 21, '0'),
(2244, 'Jeronkhalsa', 21, '0'),
(2245, 'Jhabua', 21, '0'),
(2246, 'Jhundpura', 21, '0'),
(2247, 'Jiran', 21, '0'),
(2248, 'Jirapur', 21, '0'),
(2249, 'Jobat', 21, '0'),
(2250, 'Joura', 21, '0'),
(2251, 'Kailaras', 21, '0'),
(2252, 'Kaimur', 21, '0'),
(2253, 'Kakarhati', 21, '0'),
(2254, 'Kalichhapar', 21, '0'),
(2255, 'Kanad', 21, '0'),
(2256, 'Kannod', 21, '0'),
(2257, 'Kantaphod', 21, '0'),
(2258, 'Kareli', 21, '0'),
(2259, 'Karera', 21, '0'),
(2260, 'Kari', 21, '0'),
(2261, 'Karnawad', 21, '0'),
(2262, 'Karrapur', 21, '0'),
(2263, 'Kasrawad', 21, '0'),
(2264, 'Katangi', 21, '0'),
(2265, 'Katni', 21, '0'),
(2266, 'Kelhauri', 21, '0'),
(2267, 'Khachrod', 21, '0'),
(2268, 'Khajuraho', 21, '0'),
(2269, 'Khamaria', 21, '0'),
(2270, 'Khand', 21, '0'),
(2271, 'Khandwa', 21, '0'),
(2272, 'Khaniyadhana', 21, '0'),
(2273, 'Khargapur', 21, '0'),
(2274, 'Khargone', 21, '0'),
(2275, 'Khategaon', 21, '0'),
(2276, 'Khetia', 21, '0'),
(2277, 'Khilchipur', 21, '0'),
(2278, 'Khirkiya', 21, '0'),
(2279, 'Khujner', 21, '0'),
(2280, 'Khurai', 21, '0'),
(2281, 'Kolaras', 21, '0'),
(2282, 'Kotar', 21, '0'),
(2283, 'Kothi', 21, '0'),
(2284, 'Kotma', 21, '0'),
(2285, 'Kukshi', 21, '0'),
(2286, 'Kumbhraj', 21, '0'),
(2287, 'Kurwai', 21, '0'),
(2288, 'Lahar', 21, '0'),
(2289, 'Lakhnadon', 21, '0'),
(2290, 'Lateri', 21, '0'),
(2291, 'Laundi', 21, '0'),
(2292, 'Lidhora Khas', 21, '0'),
(2293, 'Lodhikheda', 21, '0'),
(2294, 'Loharda', 21, '0'),
(2295, 'Machalpur', 21, '0'),
(2296, 'Madhogarh', 21, '0'),
(2297, 'Maharajpur', 21, '0'),
(2298, 'Maheshwar', 21, '0'),
(2299, 'Mahidpur', 21, '0'),
(2300, 'Maihar', 21, '0'),
(2301, 'Majholi', 21, '0'),
(2302, 'Makronia', 21, '0'),
(2303, 'Maksi', 21, '0'),
(2304, 'Malaj Khand', 21, '0'),
(2305, 'Malanpur', 21, '0'),
(2306, 'Malhargarh', 21, '0'),
(2307, 'Manasa', 21, '0'),
(2308, 'Manawar', 21, '0'),
(2309, 'Mandav', 21, '0'),
(2310, 'Mandideep', 21, '0'),
(2311, 'Mandla', 21, '0'),
(2312, 'Mandleshwar', 21, '0'),
(2313, 'Mandsaur', 21, '0'),
(2314, 'Manegaon', 21, '0'),
(2315, 'Mangawan', 21, '0'),
(2316, 'Manglaya Sadak', 21, '0'),
(2317, 'Manpur', 21, '0'),
(2318, 'Mau', 21, '0'),
(2319, 'Mauganj', 21, '0'),
(2320, 'Meghnagar', 21, '0'),
(2321, 'Mehara Gaon', 21, '0'),
(2322, 'Mehgaon', 21, '0'),
(2323, 'Mhaugaon', 21, '0'),
(2324, 'Mhow', 21, '0'),
(2325, 'Mihona', 21, '0'),
(2326, 'Mohgaon', 21, '0'),
(2327, 'Morar', 21, '0'),
(2328, 'Morena', 21, '0'),
(2329, 'Morwa', 21, '0'),
(2330, 'Multai', 21, '0'),
(2331, 'Mundi', 21, '0'),
(2332, 'Mungaoli', 21, '0'),
(2333, 'Murwara', 21, '0'),
(2334, 'Nagda', 21, '0'),
(2335, 'Nagod', 21, '0'),
(2336, 'Nagri', 21, '0'),
(2337, 'Naigarhi', 21, '0'),
(2338, 'Nainpur', 21, '0'),
(2339, 'Nalkheda', 21, '0'),
(2340, 'Namli', 21, '0'),
(2341, 'Narayangarh', 21, '0'),
(2342, 'Narsimhapur', 21, '0'),
(2343, 'Narsingarh', 21, '0'),
(2344, 'Narsinghpur', 21, '0'),
(2345, 'Narwar', 21, '0'),
(2346, 'Nasrullaganj', 21, '0'),
(2347, 'Naudhia', 21, '0'),
(2348, 'Naugaon', 21, '0'),
(2349, 'Naurozabad', 21, '0'),
(2350, 'Neemuch', 21, '0'),
(2351, 'Nepa Nagar', 21, '0'),
(2352, 'Neuton Chikhli Kalan', 21, '0'),
(2353, 'Nimach', 21, '0'),
(2354, 'Niwari', 21, '0'),
(2355, 'Obedullaganj', 21, '0'),
(2356, 'Omkareshwar', 21, '0'),
(2357, 'Orachha', 21, '0'),
(2358, 'Ordinance Factory Itarsi', 21, '0'),
(2359, 'Pachmarhi', 21, '0'),
(2360, 'Pachmarhi Cantonment', 21, '0'),
(2361, 'Pachore', 21, '0'),
(2362, 'Palchorai', 21, '0'),
(2363, 'Palda', 21, '0'),
(2364, 'Palera', 21, '0'),
(2365, 'Pali', 21, '0'),
(2366, 'Panagar', 21, '0'),
(2367, 'Panara', 21, '0'),
(2368, 'Pandaria', 21, '0'),
(2369, 'Pandhana', 21, '0'),
(2370, 'Pandhurna', 21, '0'),
(2371, 'Panna', 21, '0'),
(2372, 'Pansemal', 21, '0'),
(2373, 'Parasia', 21, '0'),
(2374, 'Pasan', 21, '0'),
(2375, 'Patan', 21, '0'),
(2376, 'Patharia', 21, '0'),
(2377, 'Pawai', 21, '0'),
(2378, 'Petlawad', 21, '0'),
(2379, 'Phuph Kalan', 21, '0'),
(2380, 'Pichhore', 21, '0'),
(2381, 'Pipariya', 21, '0'),
(2382, 'Pipliya Mandi', 21, '0'),
(2383, 'Piploda', 21, '0'),
(2384, 'Pithampur', 21, '0'),
(2385, 'Polay Kalan', 21, '0'),
(2386, 'Porsa', 21, '0'),
(2387, 'Prithvipur', 21, '0'),
(2388, 'Raghogarh', 21, '0'),
(2389, 'Rahatgarh', 21, '0'),
(2390, 'Raisen', 21, '0'),
(2391, 'Rajakhedi', 21, '0'),
(2392, 'Rajgarh', 21, '0'),
(2393, 'Rajnagar', 21, '0'),
(2394, 'Rajpur', 21, '0'),
(2395, 'Rampur Baghelan', 21, '0'),
(2396, 'Rampur Naikin', 21, '0'),
(2397, 'Rampura', 21, '0'),
(2398, 'Ranapur', 21, '0'),
(2399, 'Ranipura', 21, '0'),
(2400, 'Ratangarh', 21, '0'),
(2401, 'Ratlam', 21, '0'),
(2402, 'Ratlam Kasba', 21, '0'),
(2403, 'Rau', 21, '0'),
(2404, 'Rehli', 21, '0'),
(2405, 'Rehti', 21, '0'),
(2406, 'Rewa', 21, '0'),
(2407, 'Sabalgarh', 21, '0'),
(2408, 'Sagar', 21, '0'),
(2409, 'Sagar Cantonment', 21, '0'),
(2410, 'Sailana', 21, '0'),
(2411, 'Sanawad', 21, '0'),
(2412, 'Sanchi', 21, '0'),
(2413, 'Sanwer', 21, '0'),
(2414, 'Sarangpur', 21, '0'),
(2415, 'Sardarpur', 21, '0'),
(2416, 'Sarni', 21, '0'),
(2417, 'Satai', 21, '0'),
(2418, 'Satna', 21, '0'),
(2419, 'Satwas', 21, '0'),
(2420, 'Sausar', 21, '0'),
(2421, 'Sehore', 21, '0'),
(2422, 'Semaria', 21, '0'),
(2423, 'Sendhwa', 21, '0'),
(2424, 'Seondha', 21, '0'),
(2425, 'Seoni', 21, '0'),
(2426, 'Seoni Malwa', 21, '0'),
(2427, 'Sethia', 21, '0'),
(2428, 'Shahdol', 21, '0'),
(2429, 'Shahgarh', 21, '0'),
(2430, 'Shahpur', 21, '0'),
(2431, 'Shahpura', 21, '0'),
(2432, 'Shajapur', 21, '0'),
(2433, 'Shamgarh', 21, '0'),
(2434, 'Sheopur', 21, '0'),
(2435, 'Shivpuri', 21, '0'),
(2436, 'Shujalpur', 21, '0'),
(2437, 'Sidhi', 21, '0'),
(2438, 'Sihora', 21, '0'),
(2439, 'Singolo', 21, '0'),
(2440, 'Singrauli', 21, '0'),
(2441, 'Sinhasa', 21, '0'),
(2442, 'Sirgora', 21, '0'),
(2443, 'Sirmaur', 21, '0'),
(2444, 'Sironj', 21, '0'),
(2445, 'Sitamau', 21, '0'),
(2446, 'Sohagpur', 21, '0'),
(2447, 'Sonkatch', 21, '0'),
(2448, 'Soyatkalan', 21, '0'),
(2449, 'Suhagi', 21, '0'),
(2450, 'Sultanpur', 21, '0'),
(2451, 'Susner', 21, '0'),
(2452, 'Suthaliya', 21, '0'),
(2453, 'Tal', 21, '0'),
(2454, 'Talen', 21, '0'),
(2455, 'Tarana', 21, '0'),
(2456, 'Taricharkalan', 21, '0'),
(2457, 'Tekanpur', 21, '0'),
(2458, 'Tendukheda', 21, '0'),
(2459, 'Teonthar', 21, '0'),
(2460, 'Thandia', 21, '0'),
(2461, 'Tikamgarh', 21, '0'),
(2462, 'Timarni', 21, '0'),
(2463, 'Tirodi', 21, '0'),
(2464, 'Udaipura', 21, '0'),
(2465, 'Ujjain', 21, '0'),
(2466, 'Ukwa', 21, '0'),
(2467, 'Umaria', 21, '0'),
(2468, 'Unchahara', 21, '0'),
(2469, 'Unhel', 21, '0'),
(2470, 'Vehicle Factory Jabalpur', 21, '0'),
(2471, 'Vidisha', 21, '0'),
(2472, 'Vijayraghavgarh', 21, '0'),
(2473, 'Waraseoni', 21, '0'),
(2474, 'Achalpur', 22, '0'),
(2475, 'Aheri', 22, '0'),
(2476, 'Ahmadnagar Cantonment', 22, '0'),
(2477, 'Ahmadpur', 22, '0'),
(2478, 'Ahmednagar', 22, '0'),
(2479, 'Ajra', 22, '0'),
(2480, 'Akalkot', 22, '0'),
(2481, 'Akkalkuwa', 22, '0'),
(2482, 'Akola', 22, '0'),
(2483, 'Akot', 22, '0'),
(2484, 'Alandi', 22, '0'),
(2485, 'Alibag', 22, '0'),
(2486, 'Allapalli', 22, '0'),
(2487, 'Alore', 22, '0'),
(2488, 'Amalner', 22, '0'),
(2489, 'Ambad', 22, '0'),
(2490, 'Ambajogai', 22, '0'),
(2491, 'Ambernath', 22, '0'),
(2492, 'Ambivali Tarf Wankhal', 22, '0'),
(2493, 'Amgaon', 22, '0'),
(2494, 'Amravati', 22, '0'),
(2495, 'Anjangaon', 22, '0'),
(2496, 'Arvi', 22, '0'),
(2497, 'Ashta', 22, '0'),
(2498, 'Ashti', 22, '0'),
(2499, 'Aurangabad', 22, '0'),
(2500, 'Aurangabad Cantonment', 22, '0'),
(2501, 'Ausa', 22, '0'),
(2502, 'Babhulgaon', 22, '0'),
(2503, 'Badlapur', 22, '0'),
(2504, 'Balapur', 22, '0'),
(2505, 'Ballarpur', 22, '0'),
(2506, 'Baramati', 22, '0'),
(2507, 'Barshi', 22, '0'),
(2508, 'Basmat', 22, '0'),
(2509, 'Beed', 22, '0'),
(2510, 'Bhadravati', 22, '0'),
(2511, 'Bhagur', 22, '0'),
(2512, 'Bhandara', 22, '0'),
(2513, 'Bhigvan', 22, '0'),
(2514, 'Bhingar', 22, '0'),
(2515, 'Bhiwandi', 22, '0'),
(2516, 'Bhokhardan', 22, '0'),
(2517, 'Bhor', 22, '0'),
(2518, 'Bhosari', 22, '0'),
(2519, 'Bhum', 22, '0'),
(2520, 'Bhusawal', 22, '0'),
(2521, 'Bid', 22, '0'),
(2522, 'Biloli', 22, '0'),
(2523, 'Birwadi', 22, '0'),
(2524, 'Boisar', 22, '0'),
(2525, 'Bop Khel', 22, '0'),
(2526, 'Brahmapuri', 22, '0'),
(2527, 'Budhgaon', 22, '0'),
(2528, 'Buldana', 22, '0'),
(2529, 'Buldhana', 22, '0'),
(2530, 'Butibori', 22, '0'),
(2531, 'Chakan', 22, '0'),
(2532, 'Chalisgaon', 22, '0'),
(2533, 'Chandrapur', 22, '0'),
(2534, 'Chandur', 22, '0'),
(2535, 'Chandur Bazar', 22, '0'),
(2536, 'Chandvad', 22, '0'),
(2537, 'Chicholi', 22, '0'),
(2538, 'Chikhala', 22, '0'),
(2539, 'Chikhaldara', 22, '0'),
(2540, 'Chikhli', 22, '0'),
(2541, 'Chinchani', 22, '0'),
(2542, 'Chinchwad', 22, '0'),
(2543, 'Chiplun', 22, '0'),
(2544, 'Chopda', 22, '0'),
(2545, 'Dabhol', 22, '0'),
(2546, 'Dahance', 22, '0'),
(2547, 'Dahanu', 22, '0'),
(2548, 'Daharu', 22, '0'),
(2549, 'Dapoli Camp', 22, '0'),
(2550, 'Darwa', 22, '0'),
(2551, 'Daryapur', 22, '0'),
(2552, 'Dattapur', 22, '0'),
(2553, 'Daund', 22, '0'),
(2554, 'Davlameti', 22, '0'),
(2555, 'Deglur', 22, '0'),
(2556, 'Dehu Road', 22, '0'),
(2557, 'Deolali', 22, '0'),
(2558, 'Deolali Pravara', 22, '0'),
(2559, 'Deoli', 22, '0'),
(2560, 'Desaiganj', 22, '0'),
(2561, 'Deulgaon Raja', 22, '0'),
(2562, 'Dewhadi', 22, '0'),
(2563, 'Dharangaon', 22, '0'),
(2564, 'Dharmabad', 22, '0'),
(2565, 'Dharur', 22, '0'),
(2566, 'Dhatau', 22, '0'),
(2567, 'Dhule', 22, '0'),
(2568, 'Digdoh', 22, '0'),
(2569, 'Diglur', 22, '0'),
(2570, 'Digras', 22, '0'),
(2571, 'Dombivli', 22, '0'),
(2572, 'Dondaicha', 22, '0'),
(2573, 'Dudhani', 22, '0'),
(2574, 'Durgapur', 22, '0'),
(2575, 'Dyane', 22, '0'),
(2576, 'Edandol', 22, '0'),
(2577, 'Eklahare', 22, '0'),
(2578, 'Faizpur', 22, '0'),
(2579, 'Fekari', 22, '0'),
(2580, 'Gadchiroli', 22, '0'),
(2581, 'Gadhinghaj', 22, '0'),
(2582, 'Gandhi Nagar', 22, '0'),
(2583, 'Ganeshpur', 22, '0'),
(2584, 'Gangakher', 22, '0'),
(2585, 'Gangapur', 22, '0'),
(2586, 'Gevrai', 22, '0'),
(2587, 'Ghatanji', 22, '0'),
(2588, 'Ghoti', 22, '0'),
(2589, 'Ghugus', 22, '0'),
(2590, 'Ghulewadi', 22, '0'),
(2591, 'Godoli', 22, '0'),
(2592, 'Gondia', 22, '0'),
(2593, 'Guhagar', 22, '0'),
(2594, 'Hadgaon', 22, '0'),
(2595, 'Harnai Beach', 22, '0'),
(2596, 'Hinganghat', 22, '0'),
(2597, 'Hingoli', 22, '0'),
(2598, 'Hupari', 22, '0'),
(2599, 'Ichalkaranji', 22, '0'),
(2600, 'Igatpuri', 22, '0'),
(2601, 'Indapur', 22, '0'),
(2602, 'Jaisinghpur', 22, '0'),
(2603, 'Jalgaon', 22, '0'),
(2604, 'Jalna', 22, '0'),
(2605, 'Jamkhed', 22, '0'),
(2606, 'Jawhar', 22, '0'),
(2607, 'Jaysingpur', 22, '0'),
(2608, 'Jejuri', 22, '0'),
(2609, 'Jintur', 22, '0'),
(2610, 'Junnar', 22, '0'),
(2611, 'Kabnur', 22, '0'),
(2612, 'Kagal', 22, '0'),
(2613, 'Kalamb', 22, '0'),
(2614, 'Kalamnuri', 22, '0'),
(2615, 'Kalas', 22, '0'),
(2616, 'Kalmeshwar', 22, '0'),
(2617, 'Kalundre', 22, '0'),
(2618, 'Kalyan', 22, '0'),
(2619, 'Kamthi', 22, '0'),
(2620, 'Kamthi Cantonment', 22, '0'),
(2621, 'Kandari', 22, '0'),
(2622, 'Kandhar', 22, '0'),
(2623, 'Kandri', 22, '0'),
(2624, 'Kandri II', 22, '0'),
(2625, 'Kanhan', 22, '0'),
(2626, 'Kankavli', 22, '0'),
(2627, 'Kannad', 22, '0'),
(2628, 'Karad', 22, '0'),
(2629, 'Karanja', 22, '0'),
(2630, 'Karanje Tarf', 22, '0'),
(2631, 'Karivali', 22, '0'),
(2632, 'Karjat', 22, '0'),
(2633, 'Karmala', 22, '0'),
(2634, 'Kasara Budruk', 22, '0'),
(2635, 'Katai', 22, '0'),
(2636, 'Katkar', 22, '0'),
(2637, 'Katol', 22, '0'),
(2638, 'Kegaon', 22, '0'),
(2639, 'Khadkale', 22, '0'),
(2640, 'Khadki', 22, '0'),
(2641, 'Khamgaon', 22, '0'),
(2642, 'Khapa', 22, '0'),
(2643, 'Kharadi', 22, '0'),
(2644, 'Kharakvasla', 22, '0'),
(2645, 'Khed', 22, '0'),
(2646, 'Kherdi', 22, '0'),
(2647, 'Khoni', 22, '0'),
(2648, 'Khopoli', 22, '0'),
(2649, 'Khuldabad', 22, '0'),
(2650, 'Kinwat', 22, '0'),
(2651, 'Kodoli', 22, '0'),
(2652, 'Kolhapur', 22, '0'),
(2653, 'Kon', 22, '0'),
(2654, 'Kondumal', 22, '0'),
(2655, 'Kopargaon', 22, '0'),
(2656, 'Kopharad', 22, '0'),
(2657, 'Koradi', 22, '0'),
(2658, 'Koregaon', 22, '0'),
(2659, 'Korochi', 22, '0'),
(2660, 'Kudal', 22, '0'),
(2661, 'Kundaim', 22, '0'),
(2662, 'Kundalwadi', 22, '0'),
(2663, 'Kurandvad', 22, '0'),
(2664, 'Kurduvadi', 22, '0'),
(2665, 'Kusgaon Budruk', 22, '0'),
(2666, 'Lanja', 22, '0'),
(2667, 'Lasalgaon', 22, '0'),
(2668, 'Latur', 22, '0'),
(2669, 'Loha', 22, '0'),
(2670, 'Lohegaon', 22, '0'),
(2671, 'Lonar', 22, '0'),
(2672, 'Lonavala', 22, '0'),
(2673, 'Madhavnagar', 22, '0'),
(2674, 'Mahabaleshwar', 22, '0'),
(2675, 'Mahad', 22, '0'),
(2676, 'Mahadula', 22, '0'),
(2677, 'Maindargi', 22, '0'),
(2678, 'Majalgaon', 22, '0'),
(2679, 'Malegaon', 22, '0'),
(2680, 'Malgaon', 22, '0'),
(2681, 'Malkapur', 22, '0'),
(2682, 'Malwan', 22, '0'),
(2683, 'Manadur', 22, '0'),
(2684, 'Manchar', 22, '0'),
(2685, 'Mangalvedhe', 22, '0'),
(2686, 'Mangrul Pir', 22, '0'),
(2687, 'Manmad', 22, '0'),
(2688, 'Manor', 22, '0'),
(2689, 'Mansar', 22, '0'),
(2690, 'Manwath', 22, '0'),
(2691, 'Mapuca', 22, '0'),
(2692, 'Matheran', 22, '0'),
(2693, 'Mehkar', 22, '0'),
(2694, 'Mhasla', 22, '0'),
(2695, 'Mhaswad', 22, '0'),
(2696, 'Mira Bhayandar', 22, '0'),
(2697, 'Miraj', 22, '0'),
(2698, 'Mohpa', 22, '0'),
(2699, 'Mohpada', 22, '0'),
(2700, 'Moram', 22, '0'),
(2701, 'Morshi', 22, '0'),
(2702, 'Mowad', 22, '0'),
(2703, 'Mudkhed', 22, '0'),
(2704, 'Mukhed', 22, '0'),
(2705, 'Mul', 22, '0'),
(2706, 'Mulshi', 22, '0'),
(2707, 'Mumbai', 22, '0'),
(2708, 'Murbad', 22, '0'),
(2709, 'Murgud', 22, '0'),
(2710, 'Murtijapur', 22, '0'),
(2711, 'Murud', 22, '0'),
(2712, 'Nachane', 22, '0'),
(2713, 'Nagardeole', 22, '0'),
(2714, 'Nagothane', 22, '0'),
(2715, 'Nagpur', 22, '0'),
(2716, 'Nakoda', 22, '0'),
(2717, 'Nalasopara', 22, '0'),
(2718, 'Naldurg', 22, '0'),
(2719, 'Nanded', 22, '0'),
(2720, 'Nandgaon', 22, '0'),
(2721, 'Nandura', 22, '0'),
(2722, 'Nandurbar', 22, '0'),
(2723, 'Narkhed', 22, '0'),
(2724, 'Nashik', 22, '0'),
(2725, 'Navapur', 22, '0'),
(2726, 'Navi Mumbai', 22, '0'),
(2727, 'Navi Mumbai Panvel', 22, '0'),
(2728, 'Neral', 22, '0'),
(2729, 'Nigdi', 22, '0'),
(2730, 'Nilanga', 22, '0'),
(2731, 'Nildoh', 22, '0'),
(2732, 'Nimbhore', 22, '0'),
(2733, 'Ojhar', 22, '0'),
(2734, 'Osmanabad', 22, '0'),
(2735, 'Pachgaon', 22, '0'),
(2736, 'Pachora', 22, '0'),
(2737, 'Padagha', 22, '0'),
(2738, 'Paithan', 22, '0'),
(2739, 'Palghar', 22, '0'),
(2740, 'Pali', 22, '0'),
(2741, 'Panchgani', 22, '0'),
(2742, 'Pandhakarwada', 22, '0'),
(2743, 'Pandharpur', 22, '0'),
(2744, 'Panhala', 22, '0'),
(2745, 'Panvel', 22, '0'),
(2746, 'Paranda', 22, '0'),
(2747, 'Parbhani', 22, '0'),
(2748, 'Parli', 22, '0'),
(2749, 'Parola', 22, '0'),
(2750, 'Partur', 22, '0'),
(2751, 'Pasthal', 22, '0'),
(2752, 'Patan', 22, '0'),
(2753, 'Pathardi', 22, '0'),
(2754, 'Pathri', 22, '0'),
(2755, 'Patur', 22, '0'),
(2756, 'Pawni', 22, '0'),
(2757, 'Pen', 22, '0'),
(2758, 'Pethumri', 22, '0'),
(2759, 'Phaltan', 22, '0'),
(2760, 'Pimpri', 22, '0'),
(2761, 'Poladpur', 22, '0'),
(2762, 'Pulgaon', 22, '0'),
(2763, 'Pune', 22, '0'),
(2764, 'Pune Cantonment', 22, '0'),
(2765, 'Purna', 22, '0'),
(2766, 'Purushottamnagar', 22, '0'),
(2767, 'Pusad', 22, '0'),
(2768, 'Rahimatpur', 22, '0'),
(2769, 'Rahta Pimplas', 22, '0'),
(2770, 'Rahuri', 22, '0'),
(2771, 'Raigad', 22, '0'),
(2772, 'Rajapur', 22, '0'),
(2773, 'Rajgurunagar', 22, '0'),
(2774, 'Rajur', 22, '0'),
(2775, 'Rajura', 22, '0'),
(2776, 'Ramtek', 22, '0'),
(2777, 'Ratnagiri', 22, '0'),
(2778, 'Ravalgaon', 22, '0'),
(2779, 'Raver', 22, '0'),
(2780, 'Revadanda', 22, '0'),
(2781, 'Risod', 22, '0'),
(2782, 'Roha Ashtami', 22, '0'),
(2783, 'Sakri', 22, '0'),
(2784, 'Sandor', 22, '0'),
(2785, 'Sangamner', 22, '0'),
(2786, 'Sangli', 22, '0'),
(2787, 'Sangole', 22, '0'),
(2788, 'Sasti', 22, '0'),
(2789, 'Sasvad', 22, '0'),
(2790, 'Satana', 22, '0'),
(2791, 'Satara', 22, '0'),
(2792, 'Savantvadi', 22, '0'),
(2793, 'Savda', 22, '0'),
(2794, 'Savner', 22, '0'),
(2795, 'Sawari Jawharnagar', 22, '0'),
(2796, 'Selu', 22, '0'),
(2797, 'Shahada', 22, '0'),
(2798, 'Shahapur', 22, '0'),
(2799, 'Shegaon', 22, '0'),
(2800, 'Shelar', 22, '0'),
(2801, 'Shendurjana', 22, '0'),
(2802, 'Shirdi', 22, '0'),
(2803, 'Shirgaon', 22, '0'),
(2804, 'Shirpur', 22, '0'),
(2805, 'Shirur', 22, '0'),
(2806, 'Shirwal', 22, '0'),
(2807, 'Shivatkar', 22, '0'),
(2808, 'Shrigonda', 22, '0'),
(2809, 'Shrirampur', 22, '0'),
(2810, 'Shrirampur Rural', 22, '0'),
(2811, 'Sillewada', 22, '0'),
(2812, 'Sillod', 22, '0'),
(2813, 'Sindhudurg', 22, '0'),
(2814, 'Sindi', 22, '0'),
(2815, 'Sindi Turf Hindnagar', 22, '0'),
(2816, 'Sindkhed Raja', 22, '0'),
(2817, 'Singnapur', 22, '0'),
(2818, 'Sinnar', 22, '0'),
(2819, 'Sirur', 22, '0'),
(2820, 'Sitasawangi', 22, '0'),
(2821, 'Solapur', 22, '0'),
(2822, 'Sonai', 22, '0'),
(2823, 'Sonegaon', 22, '0'),
(2824, 'Soyagaon', 22, '0'),
(2825, 'Srivardhan', 22, '0'),
(2826, 'Surgana', 22, '0'),
(2827, 'Talegaon Dabhade', 22, '0'),
(2828, 'Taloda', 22, '0'),
(2829, 'Taloja', 22, '0'),
(2830, 'Talwade', 22, '0'),
(2831, 'Tarapur', 22, '0'),
(2832, 'Tasgaon', 22, '0'),
(2833, 'Tathavade', 22, '0'),
(2834, 'Tekadi', 22, '0'),
(2835, 'Telhara', 22, '0'),
(2836, 'Thane', 22, '0'),
(2837, 'Tirira', 22, '0'),
(2838, 'Totaladoh', 22, '0'),
(2839, 'Trimbak', 22, '0'),
(2840, 'Tuljapur', 22, '0'),
(2841, 'Tumsar', 22, '0'),
(2842, 'Uchgaon', 22, '0'),
(2843, 'Udgir', 22, '0'),
(2844, 'Ulhasnagar', 22, '0'),
(2845, 'Umarga', 22, '0'),
(2846, 'Umarkhed', 22, '0'),
(2847, 'Umarsara', 22, '0'),
(2848, 'Umbar Pada Nandade', 22, '0'),
(2849, 'Umred', 22, '0'),
(2850, 'Umri Pragane Balapur', 22, '0'),
(2851, 'Uran', 22, '0'),
(2852, 'Uran Islampur', 22, '0'),
(2853, 'Utekhol', 22, '0'),
(2854, 'Vada', 22, '0'),
(2855, 'Vadgaon', 22, '0'),
(2856, 'Vadgaon Kasba', 22, '0'),
(2857, 'Vaijapur', 22, '0'),
(2858, 'Vanvadi', 22, '0'),
(2859, 'Varangaon', 22, '0'),
(2860, 'Vasai', 22, '0'),
(2861, 'Vasantnagar', 22, '0'),
(2862, 'Vashind', 22, '0'),
(2863, 'Vengurla', 22, '0'),
(2864, 'Virar', 22, '0'),
(2865, 'Visapur', 22, '0'),
(2866, 'Vite', 22, '0'),
(2867, 'Vithalwadi', 22, '0'),
(2868, 'Wadi', 22, '0'),
(2869, 'Waghapur', 22, '0'),
(2870, 'Wai', 22, '0'),
(2871, 'Wajegaon', 22, '0'),
(2872, 'Walani', 22, '0'),
(2873, 'Wanadongri', 22, '0'),
(2874, 'Wani', 22, '0'),
(2875, 'Wardha', 22, '0'),
(2876, 'Warora', 22, '0'),
(2877, 'Warthi', 22, '0'),
(2878, 'Warud', 22, '0'),
(2879, 'Washim', 22, '0'),
(2880, 'Yaval', 22, '0'),
(2881, 'Yavatmal', 22, '0'),
(2882, 'Yeola', 22, '0'),
(2883, 'Yerkheda', 22, '0'),
(2884, 'Andro', 23, '0'),
(2885, 'Bijoy Govinda', 23, '0'),
(2886, 'Bishnupur', 23, '0'),
(2887, 'Churachandpur', 23, '0'),
(2888, 'Heriok', 23, '0'),
(2889, 'Imphal', 23, '0'),
(2890, 'Jiribam', 23, '0'),
(2891, 'Kakching', 23, '0'),
(2892, 'Kakching Khunou', 23, '0'),
(2893, 'Khongman', 23, '0'),
(2894, 'Kumbi', 23, '0'),
(2895, 'Kwakta', 23, '0'),
(2896, 'Lamai', 23, '0'),
(2897, 'Lamjaotongba', 23, '0'),
(2898, 'Lamshang', 23, '0'),
(2899, 'Lilong', 23, '0'),
(2900, 'Mayang Imphal', 23, '0'),
(2901, 'Moirang', 23, '0'),
(2902, 'Moreh', 23, '0'),
(2903, 'Nambol', 23, '0'),
(2904, 'Naoriya Pakhanglakpa', 23, '0'),
(2905, 'Ningthoukhong', 23, '0'),
(2906, 'Oinam', 23, '0'),
(2907, 'Porompat', 23, '0'),
(2908, 'Samurou', 23, '0'),
(2909, 'Sekmai Bazar', 23, '0'),
(2910, 'Senapati', 23, '0'),
(2911, 'Sikhong Sekmai', 23, '0'),
(2912, 'Sugnu', 23, '0'),
(2913, 'Thongkhong Laxmi Bazar', 23, '0'),
(2914, 'Thoubal', 23, '0'),
(2915, 'Torban', 23, '0'),
(2916, 'Wangjing', 23, '0'),
(2917, 'Wangoi', 23, '0'),
(2918, 'Yairipok', 23, '0'),
(2919, 'Baghmara', 24, '0'),
(2920, 'Cherrapunji', 24, '0'),
(2921, 'Jawai', 24, '0'),
(2922, 'Madanrting', 24, '0'),
(2923, 'Mairang', 24, '0'),
(2924, 'Mawlai', 24, '0'),
(2925, 'Nongmynsong', 24, '0'),
(2926, 'Nongpoh', 24, '0'),
(2927, 'Nongstoin', 24, '0'),
(2928, 'Nongthymmai', 24, '0'),
(2929, 'Pynthorumkhrah', 24, '0'),
(2930, 'Resubelpara', 24, '0'),
(2931, 'Shillong', 24, '0'),
(2932, 'Shillong Cantonment', 24, '0'),
(2933, 'Tura', 24, '0'),
(2934, 'Williamnagar', 24, '0'),
(2935, 'Aizawl', 25, '0'),
(2936, 'Bairabi', 25, '0'),
(2937, 'Biate', 25, '0'),
(2938, 'Champhai', 25, '0'),
(2939, 'Darlawn', 25, '0'),
(2940, 'Hnahthial', 25, '0'),
(2941, 'Kawnpui', 25, '0'),
(2942, 'Khawhai', 25, '0'),
(2943, 'Khawzawl', 25, '0'),
(2944, 'Kolasib', 25, '0'),
(2945, 'Lengpui', 25, '0'),
(2946, 'Lunglei', 25, '0'),
(2947, 'Mamit', 25, '0'),
(2948, 'North Vanlaiphai', 25, '0'),
(2949, 'Saiha', 25, '0'),
(2950, 'Sairang', 25, '0'),
(2951, 'Saitul', 25, '0'),
(2952, 'Serchhip', 25, '0'),
(2953, 'Thenzawl', 25, '0'),
(2954, 'Tlabung', 25, '0'),
(2955, 'Vairengte', 25, '0'),
(2956, 'Zawlnuam', 25, '0'),
(2957, 'Chumukedima', 26, '0'),
(2958, 'Dimapur', 26, '0'),
(2959, 'Kohima', 26, '0'),
(2960, 'Mokokchung', 26, '0'),
(2961, 'Mon', 26, '0'),
(2962, 'Phek', 26, '0'),
(2963, 'Tuensang', 26, '0'),
(2964, 'Wokha', 26, '0'),
(2965, 'Zunheboto', 26, '0'),
(2966, 'Anandapur', 29, '0'),
(2967, 'Angul', 29, '0'),
(2968, 'Aska', 29, '0'),
(2969, 'Athgarh', 29, '0'),
(2970, 'Athmallik', 29, '0'),
(2971, 'Balagoda', 29, '0'),
(2972, 'Balangir', 29, '0'),
(2973, 'Balasore', 29, '0'),
(2974, 'Baleshwar', 29, '0'),
(2975, 'Balimeta', 29, '0'),
(2976, 'Balugaon', 29, '0'),
(2977, 'Banapur', 29, '0'),
(2978, 'Bangura', 29, '0'),
(2979, 'Banki', 29, '0'),
(2980, 'Banposh', 29, '0'),
(2981, 'Barbil', 29, '0'),
(2982, 'Bargarh', 29, '0'),
(2983, 'Baripada', 29, '0'),
(2984, 'Barpali', 29, '0'),
(2985, 'Basudebpur', 29, '0'),
(2986, 'Baudh', 29, '0'),
(2987, 'Belagachhia', 29, '0'),
(2988, 'Belaguntha', 29, '0'),
(2989, 'Belpahar', 29, '0'),
(2990, 'Berhampur', 29, '0'),
(2991, 'Bhadrak', 29, '0'),
(2992, 'Bhanjanagar', 29, '0'),
(2993, 'Bhawanipatna', 29, '0'),
(2994, 'Bhuban', 29, '0'),
(2995, 'Bhubaneswar', 29, '0'),
(2996, 'Binika', 29, '0'),
(2997, 'Birmitrapur', 29, '0'),
(2998, 'Bishama Katek', 29, '0'),
(2999, 'Bolangir', 29, '0'),
(3000, 'Brahmapur', 29, '0'),
(3001, 'Brajrajnagar', 29, '0'),
(3002, 'Buguda', 29, '0'),
(3003, 'Burla', 29, '0'),
(3004, 'Byasanagar', 29, '0'),
(3005, 'Champua', 29, '0'),
(3006, 'Chandapur', 29, '0'),
(3007, 'Chandbali', 29, '0'),
(3008, 'Chandili', 29, '0'),
(3009, 'Charibatia', 29, '0'),
(3010, 'Chatrapur', 29, '0'),
(3011, 'Chikitigarh', 29, '0'),
(3012, 'Chitrakonda', 29, '0'),
(3013, 'Choudwar', 29, '0'),
(3014, 'Cuttack', 29, '0'),
(3015, 'Dadhapatna', 29, '0'),
(3016, 'Daitari', 29, '0'),
(3017, 'Damanjodi', 29, '0'),
(3018, 'Deogarh', 29, '0'),
(3019, 'Deracolliery', 29, '0'),
(3020, 'Dhamanagar', 29, '0'),
(3021, 'Dhenkanal', 29, '0'),
(3022, 'Digapahandi', 29, '0'),
(3023, 'Dungamal', 29, '0'),
(3024, 'Fertilizer Corporation of Indi', 29, '0'),
(3025, 'Ganjam', 29, '0'),
(3026, 'Ghantapada', 29, '0'),
(3027, 'Gopalpur', 29, '0'),
(3028, 'Gudari', 29, '0'),
(3029, 'Gunupur', 29, '0'),
(3030, 'Hatibandha', 29, '0'),
(3031, 'Hinjilikatu', 29, '0'),
(3032, 'Hirakud', 29, '0'),
(3033, 'Jagatsinghapur', 29, '0'),
(3034, 'Jajpur', 29, '0'),
(3035, 'Jalda', 29, '0'),
(3036, 'Jaleswar', 29, '0'),
(3037, 'Jatni', 29, '0'),
(3038, 'Jaypur', 29, '0'),
(3039, 'Jeypore', 29, '0'),
(3040, 'Jharsuguda', 29, '0'),
(3041, 'Jhumpura', 29, '0'),
(3042, 'Joda', 29, '0'),
(3043, 'Junagarh', 29, '0'),
(3044, 'Kamakhyanagar', 29, '0'),
(3045, 'Kantabanji', 29, '0'),
(3046, 'Kantilo', 29, '0'),
(3047, 'Karanja', 29, '0'),
(3048, 'Kashinagara', 29, '0'),
(3049, 'Kataka', 29, '0'),
(3050, 'Kavisuryanagar', 29, '0'),
(3051, 'Kendrapara', 29, '0'),
(3052, 'Kendujhar', 29, '0'),
(3053, 'Keonjhar', 29, '0'),
(3054, 'Kesinga', 29, '0'),
(3055, 'Khaliapali', 29, '0'),
(3056, 'Khalikote', 29, '0'),
(3057, 'Khandaparha', 29, '0'),
(3058, 'Kharhial', 29, '0'),
(3059, 'Kharhial Road', 29, '0'),
(3060, 'Khatiguda', 29, '0'),
(3061, 'Khurda', 29, '0'),
(3062, 'Kochinda', 29, '0'),
(3063, 'Kodala', 29, '0'),
(3064, 'Konark', 29, '0'),
(3065, 'Koraput', 29, '0'),
(3066, 'Kotaparh', 29, '0'),
(3067, 'Lanjigarh', 29, '0'),
(3068, 'Lattikata', 29, '0'),
(3069, 'Makundapur', 29, '0'),
(3070, 'Malkangiri', 29, '0'),
(3071, 'Mukhiguda', 29, '0'),
(3072, 'Nabarangpur', 29, '0'),
(3073, 'Nalco', 29, '0'),
(3074, 'Naurangapur', 29, '0'),
(3075, 'Nayagarh', 29, '0'),
(3076, 'Nilagiri', 29, '0'),
(3077, 'Nimaparha', 29, '0'),
(3078, 'Nuapada', 29, '0'),
(3079, 'Nuapatna', 29, '0'),
(3080, 'OCL Industrialship', 29, '0'),
(3081, 'Padampur', 29, '0'),
(3082, 'Paradip', 29, '0'),
(3083, 'Paradwip', 29, '0'),
(3084, 'Parlakimidi', 29, '0'),
(3085, 'Patamundai', 29, '0'),
(3086, 'Patnagarh', 29, '0'),
(3087, 'Phulabani', 29, '0'),
(3088, 'Pipili', 29, '0'),
(3089, 'Polasara', 29, '0'),
(3090, 'Pratapsasan', 29, '0'),
(3091, 'Puri', 29, '0'),
(3092, 'Purushottampur', 29, '0'),
(3093, 'Rairangpur', 29, '0'),
(3094, 'Raj Gangpur', 29, '0'),
(3095, 'Rambha', 29, '0'),
(3096, 'Raurkela', 29, '0'),
(3097, 'Raurkela Civil Township', 29, '0'),
(3098, 'Rayagada', 29, '0'),
(3099, 'Redhakhol', 29, '0'),
(3100, 'Remuna', 29, '0'),
(3101, 'Rengali', 29, '0'),
(3102, 'Rourkela', 29, '0'),
(3103, 'Sambalpur', 29, '0'),
(3104, 'Sinapali', 29, '0'),
(3105, 'Sonepur', 29, '0'),
(3106, 'Sorada', 29, '0'),
(3107, 'Soro', 29, '0'),
(3108, 'Sunabeda', 29, '0'),
(3109, 'Sundargarh', 29, '0'),
(3110, 'Talcher', 29, '0'),
(3111, 'Talcher Thermal Power Station ', 29, '0'),
(3112, 'Tarabha', 29, '0'),
(3113, 'Tensa', 29, '0'),
(3114, 'Titlagarh', 29, '0'),
(3115, 'Udala', 29, '0'),
(3116, 'Udayagiri', 29, '0'),
(3117, 'Umarkot', 29, '0'),
(3118, 'Vikrampur', 29, '0'),
(3119, 'Ariankuppam', 31, '0'),
(3120, 'Karaikal', 31, '0'),
(3121, 'Kurumbapet', 31, '0'),
(3122, 'Mahe', 31, '0'),
(3123, 'Ozhukarai', 31, '0'),
(3124, 'Pondicherry', 31, '0'),
(3125, 'Villianur', 31, '0'),
(3126, 'Yanam', 31, '0'),
(3127, 'Abohar', 32, '0'),
(3128, 'Adampur', 32, '0'),
(3129, 'Ahmedgarh', 32, '0'),
(3130, 'Ajnala', 32, '0'),
(3131, 'Akalgarh', 32, '0'),
(3132, 'Alawalpur', 32, '0'),
(3133, 'Amloh', 32, '0'),
(3134, 'Amritsar', 32, '0'),
(3135, 'Amritsar Cantonment', 32, '0'),
(3136, 'Anandpur Sahib', 32, '0'),
(3137, 'Badhni Kalan', 32, '0'),
(3138, 'Bagh Purana', 32, '0'),
(3139, 'Balachaur', 32, '0'),
(3140, 'Banaur', 32, '0'),
(3141, 'Banga', 32, '0'),
(3142, 'Banur', 32, '0'),
(3143, 'Baretta', 32, '0'),
(3144, 'Bariwala', 32, '0'),
(3145, 'Barnala', 32, '0'),
(3146, 'Bassi Pathana', 32, '0'),
(3147, 'Batala', 32, '0'),
(3148, 'Bathinda', 32, '0'),
(3149, 'Begowal', 32, '0'),
(3150, 'Behrampur', 32, '0'),
(3151, 'Bhabat', 32, '0'),
(3152, 'Bhadur', 32, '0'),
(3153, 'Bhankharpur', 32, '0'),
(3154, 'Bharoli Kalan', 32, '0'),
(3155, 'Bhawanigarh', 32, '0'),
(3156, 'Bhikhi', 32, '0'),
(3157, 'Bhikhiwind', 32, '0'),
(3158, 'Bhisiana', 32, '0'),
(3159, 'Bhogpur', 32, '0'),
(3160, 'Bhuch', 32, '0'),
(3161, 'Bhulath', 32, '0'),
(3162, 'Budha Theh', 32, '0'),
(3163, 'Budhlada', 32, '0'),
(3164, 'Chima', 32, '0'),
(3165, 'Chohal', 32, '0'),
(3166, 'Dasuya', 32, '0'),
(3167, 'Daulatpur', 32, '0'),
(3168, 'Dera Baba Nanak', 32, '0'),
(3169, 'Dera Bassi', 32, '0'),
(3170, 'Dhanaula', 32, '0'),
(3171, 'Dharam Kot', 32, '0'),
(3172, 'Dhariwal', 32, '0'),
(3173, 'Dhilwan', 32, '0'),
(3174, 'Dhuri', 32, '0'),
(3175, 'Dinanagar', 32, '0'),
(3176, 'Dirba', 32, '0'),
(3177, 'Doraha', 32, '0'),
(3178, 'Faridkot', 32, '0'),
(3179, 'Fateh Nangal', 32, '0'),
(3180, 'Fatehgarh Churian', 32, '0'),
(3181, 'Fatehgarh Sahib', 32, '0'),
(3182, 'Fazilka', 32, '0'),
(3183, 'Firozpur', 32, '0'),
(3184, 'Firozpur Cantonment', 32, '0'),
(3185, 'Gardhiwala', 32, '0'),
(3186, 'Garhshankar', 32, '0'),
(3187, 'Ghagga', 32, '0'),
(3188, 'Ghanaur', 32, '0'),
(3189, 'Giddarbaha', 32, '0'),
(3190, 'Gobindgarh', 32, '0'),
(3191, 'Goniana', 32, '0'),
(3192, 'Goraya', 32, '0'),
(3193, 'Gurdaspur', 32, '0'),
(3194, 'Guru Har Sahai', 32, '0'),
(3195, 'Hajipur', 32, '0'),
(3196, 'Handiaya', 32, '0'),
(3197, 'Hariana', 32, '0'),
(3198, 'Hoshiarpur', 32, '0'),
(3199, 'Hussainpur', 32, '0'),
(3200, 'Jagraon', 32, '0'),
(3201, 'Jaitu', 32, '0'),
(3202, 'Jalalabad', 32, '0'),
(3203, 'Jalandhar', 32, '0'),
(3204, 'Jalandhar Cantonment', 32, '0'),
(3205, 'Jandiala', 32, '0'),
(3206, 'Jugial', 32, '0'),
(3207, 'Kalanaur', 32, '0'),
(3208, 'Kapurthala', 32, '0'),
(3209, 'Karoran', 32, '0'),
(3210, 'Kartarpur', 32, '0'),
(3211, 'Khamanon', 32, '0'),
(3212, 'Khanauri', 32, '0'),
(3213, 'Khanna', 32, '0'),
(3214, 'Kharar', 32, '0'),
(3215, 'Khem Karan', 32, '0'),
(3216, 'Kot Fatta', 32, '0'),
(3217, 'Kot Isa Khan', 32, '0'),
(3218, 'Kot Kapura', 32, '0'),
(3219, 'Kotkapura', 32, '0'),
(3220, 'Kurali', 32, '0'),
(3221, 'Lalru', 32, '0'),
(3222, 'Lehra Gaga', 32, '0'),
(3223, 'Lodhian Khas', 32, '0'),
(3224, 'Longowal', 32, '0'),
(3225, 'Ludhiana', 32, '0'),
(3226, 'Machhiwara', 32, '0'),
(3227, 'Mahilpur', 32, '0'),
(3228, 'Majitha', 32, '0'),
(3229, 'Makhu', 32, '0'),
(3230, 'Malaut', 32, '0'),
(3231, 'Malerkotla', 32, '0'),
(3232, 'Maloud', 32, '0'),
(3233, 'Mandi Gobindgarh', 32, '0'),
(3234, 'Mansa', 32, '0'),
(3235, 'Maur', 32, '0'),
(3236, 'Moga', 32, '0'),
(3237, 'Mohali', 32, '0'),
(3238, 'Moonak', 32, '0'),
(3239, 'Morinda', 32, '0'),
(3240, 'Mukerian', 32, '0'),
(3241, 'Muktsar', 32, '0'),
(3242, 'Mullanpur Dakha', 32, '0'),
(3243, 'Mullanpur Garibdas', 32, '0'),
(3244, 'Munak', 32, '0'),
(3245, 'Muradpura', 32, '0'),
(3246, 'Nabha', 32, '0'),
(3247, 'Nakodar', 32, '0'),
(3248, 'Nangal', 32, '0'),
(3249, 'Nawashahr', 32, '0'),
(3250, 'Naya Nangal', 32, '0'),
(3251, 'Nehon', 32, '0'),
(3252, 'Nurmahal', 32, '0'),
(3253, 'Pathankot', 32, '0'),
(3254, 'Patiala', 32, '0'),
(3255, 'Patti', 32, '0'),
(3256, 'Pattran', 32, '0'),
(3257, 'Payal', 32, '0'),
(3258, 'Phagwara', 32, '0'),
(3259, 'Phillaur', 32, '0'),
(3260, 'Qadian', 32, '0'),
(3261, 'Rahon', 32, '0'),
(3262, 'Raikot', 32, '0'),
(3263, 'Raja Sansi', 32, '0'),
(3264, 'Rajpura', 32, '0'),
(3265, 'Ram Das', 32, '0'),
(3266, 'Raman', 32, '0'),
(3267, 'Rampura', 32, '0'),
(3268, 'Rayya', 32, '0'),
(3269, 'Rupnagar', 32, '0'),
(3270, 'Rurki Kasba', 32, '0'),
(3271, 'Sahnewal', 32, '0'),
(3272, 'Samana', 32, '0'),
(3273, 'Samrala', 32, '0'),
(3274, 'Sanaur', 32, '0'),
(3275, 'Sangat', 32, '0'),
(3276, 'Sangrur', 32, '0'),
(3277, 'Sansarpur', 32, '0'),
(3278, 'Sardulgarh', 32, '0'),
(3279, 'Shahkot', 32, '0'),
(3280, 'Sham Churasi', 32, '0'),
(3281, 'Shekhpura', 32, '0'),
(3282, 'Sirhind', 32, '0'),
(3283, 'Sri Hargobindpur', 32, '0'),
(3284, 'Sujanpur', 32, '0'),
(3285, 'Sultanpur Lodhi', 32, '0'),
(3286, 'Sunam', 32, '0'),
(3287, 'Talwandi Bhai', 32, '0'),
(3288, 'Talwara', 32, '0'),
(3289, 'Tappa', 32, '0'),
(3290, 'Tarn Taran', 32, '0'),
(3291, 'Urmar Tanda', 32, '0'),
(3292, 'Zira', 32, '0'),
(3293, 'Zirakpur', 32, '0'),
(3294, 'Abu Road', 33, '0'),
(3295, 'Ajmer', 33, '0'),
(3296, 'Aklera', 33, '0'),
(3297, 'Alwar', 33, '0'),
(3298, 'Amet', 33, '0'),
(3299, 'Antah', 33, '0'),
(3300, 'Anupgarh', 33, '0'),
(3301, 'Asind', 33, '0'),
(3302, 'Bagar', 33, '0'),
(3303, 'Bagru', 33, '0'),
(3304, 'Bahror', 33, '0'),
(3305, 'Bakani', 33, '0'),
(3306, 'Bali', 33, '0'),
(3307, 'Balotra', 33, '0'),
(3308, 'Bandikui', 33, '0'),
(3309, 'Banswara', 33, '0'),
(3310, 'Baran', 33, '0'),
(3311, 'Bari', 33, '0'),
(3312, 'Bari Sadri', 33, '0'),
(3313, 'Barmer', 33, '0'),
(3314, 'Basi', 33, '0'),
(3315, 'Basni Belima', 33, '0'),
(3316, 'Baswa', 33, '0'),
(3317, 'Bayana', 33, '0'),
(3318, 'Beawar', 33, '0'),
(3319, 'Begun', 33, '0'),
(3320, 'Bhadasar', 33, '0'),
(3321, 'Bhadra', 33, '0'),
(3322, 'Bhalariya', 33, '0'),
(3323, 'Bharatpur', 33, '0'),
(3324, 'Bhasawar', 33, '0'),
(3325, 'Bhawani Mandi', 33, '0'),
(3326, 'Bhawri', 33, '0'),
(3327, 'Bhilwara', 33, '0'),
(3328, 'Bhindar', 33, '0'),
(3329, 'Bhinmal', 33, '0'),
(3330, 'Bhiwadi', 33, '0'),
(3331, 'Bijoliya Kalan', 33, '0'),
(3332, 'Bikaner', 33, '0'),
(3333, 'Bilara', 33, '0'),
(3334, 'Bissau', 33, '0'),
(3335, 'Borkhera', 33, '0'),
(3336, 'Budhpura', 33, '0'),
(3337, 'Bundi', 33, '0'),
(3338, 'Chatsu', 33, '0'),
(3339, 'Chechat', 33, '0'),
(3340, 'Chhabra', 33, '0'),
(3341, 'Chhapar', 33, '0'),
(3342, 'Chhipa Barod', 33, '0'),
(3343, 'Chhoti Sadri', 33, '0'),
(3344, 'Chirawa', 33, '0'),
(3345, 'Chittaurgarh', 33, '0'),
(3346, 'Chittorgarh', 33, '0'),
(3347, 'Chomun', 33, '0'),
(3348, 'Churu', 33, '0'),
(3349, 'Daosa', 33, '0'),
(3350, 'Dariba', 33, '0'),
(3351, 'Dausa', 33, '0'),
(3352, 'Deoli', 33, '0'),
(3353, 'Deshnok', 33, '0'),
(3354, 'Devgarh', 33, '0'),
(3355, 'Devli', 33, '0'),
(3356, 'Dhariawad', 33, '0'),
(3357, 'Dhaulpur', 33, '0'),
(3358, 'Dholpur', 33, '0'),
(3359, 'Didwana', 33, '0'),
(3360, 'Dig', 33, '0'),
(3361, 'Dungargarh', 33, '0'),
(3362, 'Dungarpur', 33, '0'),
(3363, 'Falna', 33, '0'),
(3364, 'Fatehnagar', 33, '0'),
(3365, 'Fatehpur', 33, '0'),
(3366, 'Gajsinghpur', 33, '0'),
(3367, 'Galiakot', 33, '0'),
(3368, 'Ganganagar', 33, '0'),
(3369, 'Gangapur', 33, '0'),
(3370, 'Goredi Chancha', 33, '0'),
(3371, 'Gothra', 33, '0'),
(3372, 'Govindgarh', 33, '0'),
(3373, 'Gulabpura', 33, '0'),
(3374, 'Hanumangarh', 33, '0'),
(3375, 'Hindaun', 33, '0'),
(3376, 'Indragarh', 33, '0'),
(3377, 'Jahazpur', 33, '0'),
(3378, 'Jaipur', 33, '0'),
(3379, 'Jaisalmer', 33, '0'),
(3380, 'Jaiselmer', 33, '0'),
(3381, 'Jaitaran', 33, '0'),
(3382, 'Jalore', 33, '0'),
(3383, 'Jhalawar', 33, '0'),
(3384, 'Jhalrapatan', 33, '0'),
(3385, 'Jhunjhunun', 33, '0'),
(3386, 'Jobner', 33, '0'),
(3387, 'Jodhpur', 33, '0'),
(3388, 'Kaithun', 33, '0'),
(3389, 'Kaman', 33, '0'),
(3390, 'Kankroli', 33, '0'),
(3391, 'Kanor', 33, '0'),
(3392, 'Kapasan', 33, '0'),
(3393, 'Kaprain', 33, '0'),
(3394, 'Karanpura', 33, '0'),
(3395, 'Karauli', 33, '0'),
(3396, 'Kekri', 33, '0'),
(3397, 'Keshorai Patan', 33, '0'),
(3398, 'Kesrisinghpur', 33, '0'),
(3399, 'Khairthal', 33, '0'),
(3400, 'Khandela', 33, '0'),
(3401, 'Khanpur', 33, '0'),
(3402, 'Kherli', 33, '0'),
(3403, 'Kherliganj', 33, '0'),
(3404, 'Kherwara Chhaoni', 33, '0'),
(3405, 'Khetri', 33, '0'),
(3406, 'Kiranipura', 33, '0'),
(3407, 'Kishangarh', 33, '0'),
(3408, 'Kishangarh Ranwal', 33, '0'),
(3409, 'Kolvi Rajendrapura', 33, '0'),
(3410, 'Kot Putli', 33, '0'),
(3411, 'Kota', 33, '0'),
(3412, 'Kuchaman', 33, '0'),
(3413, 'Kuchera', 33, '0'),
(3414, 'Kumbhalgarh', 33, '0'),
(3415, 'Kumbhkot', 33, '0'),
(3416, 'Kumher', 33, '0'),
(3417, 'Kushalgarh', 33, '0'),
(3418, 'Lachhmangarh', 33, '0'),
(3419, 'Ladnun', 33, '0'),
(3420, 'Lakheri', 33, '0'),
(3421, 'Lalsot', 33, '0'),
(3422, 'Losal', 33, '0'),
(3423, 'Madanganj', 33, '0'),
(3424, 'Mahu Kalan', 33, '0'),
(3425, 'Mahwa', 33, '0'),
(3426, 'Makrana', 33, '0'),
(3427, 'Malpura', 33, '0'),
(3428, 'Mandal', 33, '0'),
(3429, 'Mandalgarh', 33, '0'),
(3430, 'Mandawar', 33, '0'),
(3431, 'Mandwa', 33, '0'),
(3432, 'Mangrol', 33, '0'),
(3433, 'Manohar Thana', 33, '0'),
(3434, 'Manoharpur', 33, '0'),
(3435, 'Marwar', 33, '0'),
(3436, 'Merta', 33, '0'),
(3437, 'Modak', 33, '0'),
(3438, 'Mount Abu', 33, '0'),
(3439, 'Mukandgarh', 33, '0'),
(3440, 'Mundwa', 33, '0'),
(3441, 'Nadbai', 33, '0'),
(3442, 'Naenwa', 33, '0'),
(3443, 'Nagar', 33, '0'),
(3444, 'Nagaur', 33, '0'),
(3445, 'Napasar', 33, '0'),
(3446, 'Naraina', 33, '0'),
(3447, 'Nasirabad', 33, '0'),
(3448, 'Nathdwara', 33, '0'),
(3449, 'Nawa', 33, '0'),
(3450, 'Nawalgarh', 33, '0'),
(3451, 'Neem Ka Thana', 33, '0'),
(3452, 'Neemrana', 33, '0'),
(3453, 'Newa Talai', 33, '0'),
(3454, 'Nimaj', 33, '0'),
(3455, 'Nimbahera', 33, '0'),
(3456, 'Niwai', 33, '0'),
(3457, 'Nohar', 33, '0'),
(3458, 'Nokha', 33, '0'),
(3459, 'One SGM', 33, '0'),
(3460, 'Padampur', 33, '0'),
(3461, 'Pali', 33, '0'),
(3462, 'Partapur', 33, '0'),
(3463, 'Parvatsar', 33, '0'),
(3464, 'Pasoond', 33, '0'),
(3465, 'Phalna', 33, '0'),
(3466, 'Phalodi', 33, '0'),
(3467, 'Phulera', 33, '0'),
(3468, 'Pilani', 33, '0'),
(3469, 'Pilibanga', 33, '0'),
(3470, 'Pindwara', 33, '0'),
(3471, 'Pipalia Kalan', 33, '0'),
(3472, 'Pipar', 33, '0'),
(3473, 'Pirawa', 33, '0'),
(3474, 'Pokaran', 33, '0'),
(3475, 'Pratapgarh', 33, '0'),
(3476, 'Pushkar', 33, '0'),
(3477, 'Raipur', 33, '0'),
(3478, 'Raisinghnagar', 33, '0'),
(3479, 'Rajakhera', 33, '0'),
(3480, 'Rajaldesar', 33, '0'),
(3481, 'Rajgarh', 33, '0'),
(3482, 'Rajsamand', 33, '0'),
(3483, 'Ramganj Mandi', 33, '0'),
(3484, 'Ramgarh', 33, '0'),
(3485, 'Rani', 33, '0'),
(3486, 'Raniwara', 33, '0'),
(3487, 'Ratan Nagar', 33, '0'),
(3488, 'Ratangarh', 33, '0'),
(3489, 'Rawatbhata', 33, '0'),
(3490, 'Rawatsar', 33, '0'),
(3491, 'Rikhabdev', 33, '0'),
(3492, 'Ringas', 33, '0'),
(3493, 'Sadri', 33, '0'),
(3494, 'Sadulshahar', 33, '0'),
(3495, 'Sagwara', 33, '0'),
(3496, 'Salumbar', 33, '0'),
(3497, 'Sambhar', 33, '0'),
(3498, 'Samdari', 33, '0'),
(3499, 'Sanchor', 33, '0'),
(3500, 'Sangariya', 33, '0'),
(3501, 'Sangod', 33, '0'),
(3502, 'Sardarshahr', 33, '0'),
(3503, 'Sarwar', 33, '0'),
(3504, 'Satal Kheri', 33, '0'),
(3505, 'Sawai Madhopur', 33, '0'),
(3506, 'Sewan Kalan', 33, '0'),
(3507, 'Shahpura', 33, '0'),
(3508, 'Sheoganj', 33, '0'),
(3509, 'Sikar', 33, '0'),
(3510, 'Sirohi', 33, '0'),
(3511, 'Siwana', 33, '0'),
(3512, 'Sogariya', 33, '0'),
(3513, 'Sojat', 33, '0'),
(3514, 'Sojat Road', 33, '0'),
(3515, 'Sri Madhopur', 33, '0'),
(3516, 'Sriganganagar', 33, '0'),
(3517, 'Sujangarh', 33, '0'),
(3518, 'Suket', 33, '0'),
(3519, 'Sumerpur', 33, '0'),
(3520, 'Sunel', 33, '0'),
(3521, 'Surajgarh', 33, '0'),
(3522, 'Suratgarh', 33, '0'),
(3523, 'Swaroopganj', 33, '0'),
(3524, 'Takhatgarh', 33, '0'),
(3525, 'Taranagar', 33, '0'),
(3526, 'Three STR', 33, '0'),
(3527, 'Tijara', 33, '0'),
(3528, 'Toda Bhim', 33, '0'),
(3529, 'Toda Raisingh', 33, '0'),
(3530, 'Todra', 33, '0'),
(3531, 'Tonk', 33, '0'),
(3532, 'Udaipur', 33, '0'),
(3533, 'Udpura', 33, '0'),
(3534, 'Uniara', 33, '0'),
(3535, 'Vanasthali', 33, '0'),
(3536, 'Vidyavihar', 33, '0'),
(3537, 'Vijainagar', 33, '0'),
(3538, 'Viratnagar', 33, '0'),
(3539, 'Wer', 33, '0'),
(3540, 'Gangtok', 34, '0'),
(3541, 'Gezing', 34, '0'),
(3542, 'Jorethang', 34, '0'),
(3543, 'Mangan', 34, '0'),
(3544, 'Namchi', 34, '0'),
(3545, 'Naya Bazar', 34, '0'),
(3546, 'No City', 34, '0'),
(3547, 'Rangpo', 34, '0'),
(3548, 'Sikkim', 34, '0'),
(3549, 'Singtam', 34, '0'),
(3550, 'Upper Tadong', 34, '0'),
(3551, 'Abiramam', 35, '0'),
(3552, 'Achampudur', 35, '0'),
(3553, 'Acharapakkam', 35, '0'),
(3554, 'Acharipallam', 35, '0'),
(3555, 'Achipatti', 35, '0'),
(3556, 'Adikaratti', 35, '0'),
(3557, 'Adiramapattinam', 35, '0'),
(3558, 'Aduturai', 35, '0'),
(3559, 'Adyar', 35, '0'),
(3560, 'Agaram', 35, '0'),
(3561, 'Agasthiswaram', 35, '0'),
(3562, 'Akkaraipettai', 35, '0'),
(3563, 'Alagappapuram', 35, '0'),
(3564, 'Alagapuri', 35, '0'),
(3565, 'Alampalayam', 35, '0'),
(3566, 'Alandur', 35, '0'),
(3567, 'Alanganallur', 35, '0'),
(3568, 'Alangayam', 35, '0'),
(3569, 'Alangudi', 35, '0'),
(3570, 'Alangulam', 35, '0'),
(3571, 'Alanthurai', 35, '0'),
(3572, 'Alapakkam', 35, '0'),
(3573, 'Allapuram', 35, '0'),
(3574, 'Alur', 35, '0'),
(3575, 'Alwar Tirunagari', 35, '0'),
(3576, 'Alwarkurichi', 35, '0'),
(3577, 'Ambasamudram', 35, '0'),
(3578, 'Ambur', 35, '0'),
(3579, 'Ammainaickanur', 35, '0'),
(3580, 'Ammaparikuppam', 35, '0'),
(3581, 'Ammapettai', 35, '0'),
(3582, 'Ammavarikuppam', 35, '0'),
(3583, 'Ammur', 35, '0'),
(3584, 'Anaimalai', 35, '0'),
(3585, 'Anaiyur', 35, '0'),
(3586, 'Anakaputhur', 35, '0'),
(3587, 'Ananthapuram', 35, '0'),
(3588, 'Andanappettai', 35, '0'),
(3589, 'Andipalayam', 35, '0'),
(3590, 'Andippatti', 35, '0'),
(3591, 'Anjugramam', 35, '0'),
(3592, 'Annamalainagar', 35, '0'),
(3593, 'Annavasal', 35, '0'),
(3594, 'Annur', 35, '0'),
(3595, 'Anthiyur', 35, '0'),
(3596, 'Appakudal', 35, '0'),
(3597, 'Arachalur', 35, '0'),
(3598, 'Arakandanallur', 35, '0'),
(3599, 'Arakonam', 35, '0'),
(3600, 'Aralvaimozhi', 35, '0'),
(3601, 'Arani', 35, '0'),
(3602, 'Arani Road', 35, '0'),
(3603, 'Arantangi', 35, '0'),
(3604, 'Arasiramani', 35, '0'),
(3605, 'Aravakurichi', 35, '0'),
(3606, 'Aravankadu', 35, '0'),
(3607, 'Arcot', 35, '0'),
(3608, 'Arimalam', 35, '0'),
(3609, 'Ariyalur', 35, '0'),
(3610, 'Ariyappampalayam', 35, '0'),
(3611, 'Ariyur', 35, '0'),
(3612, 'Arni', 35, '0'),
(3613, 'Arulmigu Thirumuruganpundi', 35, '0'),
(3614, 'Arumanai', 35, '0'),
(3615, 'Arumbavur', 35, '0'),
(3616, 'Arumuganeri', 35, '0'),
(3617, 'Aruppukkottai', 35, '0'),
(3618, 'Ashokapuram', 35, '0'),
(3619, 'Athani', 35, '0'),
(3620, 'Athanur', 35, '0'),
(3621, 'Athimarapatti', 35, '0'),
(3622, 'Athipattu', 35, '0'),
(3623, 'Athur', 35, '0'),
(3624, 'Attayyampatti', 35, '0'),
(3625, 'Attur', 35, '0'),
(3626, 'Auroville', 35, '0'),
(3627, 'Avadattur', 35, '0'),
(3628, 'Avadi', 35, '0'),
(3629, 'Avalpundurai', 35, '0'),
(3630, 'Avaniapuram', 35, '0'),
(3631, 'Avinashi', 35, '0'),
(3632, 'Ayakudi', 35, '0'),
(3633, 'Ayanadaippu', 35, '0'),
(3634, 'Aygudi', 35, '0'),
(3635, 'Ayothiapattinam', 35, '0'),
(3636, 'Ayyalur', 35, '0'),
(3637, 'Ayyampalayam', 35, '0'),
(3638, 'Ayyampettai', 35, '0'),
(3639, 'Azhagiapandiapuram', 35, '0'),
(3640, 'Balakrishnampatti', 35, '0'),
(3641, 'Balakrishnapuram', 35, '0'),
(3642, 'Balapallam', 35, '0'),
(3643, 'Balasamudram', 35, '0'),
(3644, 'Bargur', 35, '0'),
(3645, 'Belur', 35, '0'),
(3646, 'Berhatty', 35, '0'),
(3647, 'Bhavani', 35, '0'),
(3648, 'Bhawanisagar', 35, '0'),
(3649, 'Bhuvanagiri', 35, '0'),
(3650, 'Bikketti', 35, '0'),
(3651, 'Bodinayakkanur', 35, '0'),
(3652, 'Brahmana Periya Agraharam', 35, '0'),
(3653, 'Buthapandi', 35, '0'),
(3654, 'Buthipuram', 35, '0'),
(3655, 'Chatrapatti', 35, '0'),
(3656, 'Chembarambakkam', 35, '0'),
(3657, 'Chengalpattu', 35, '0'),
(3658, 'Chengam', 35, '0'),
(3659, 'Chennai', 35, '0'),
(3660, 'Chennasamudram', 35, '0'),
(3661, 'Chennimalai', 35, '0'),
(3662, 'Cheranmadevi', 35, '0'),
(3663, 'Cheruvanki', 35, '0'),
(3664, 'Chetpet', 35, '0'),
(3665, 'Chettiarpatti', 35, '0'),
(3666, 'Chettipalaiyam', 35, '0'),
(3667, 'Chettipalayam Cantonment', 35, '0'),
(3668, 'Chettithangal', 35, '0'),
(3669, 'Cheyur', 35, '0'),
(3670, 'Cheyyar', 35, '0'),
(3671, 'Chidambaram', 35, '0'),
(3672, 'Chinalapatti', 35, '0'),
(3673, 'Chinna Anuppanadi', 35, '0'),
(3674, 'Chinna Salem', 35, '0'),
(3675, 'Chinnakkampalayam', 35, '0'),
(3676, 'Chinnammanur', 35, '0'),
(3677, 'Chinnampalaiyam', 35, '0'),
(3678, 'Chinnasekkadu', 35, '0'),
(3679, 'Chinnavedampatti', 35, '0'),
(3680, 'Chitlapakkam', 35, '0'),
(3681, 'Chittodu', 35, '0'),
(3682, 'Cholapuram', 35, '0'),
(3683, 'Coimbatore', 35, '0'),
(3684, 'Coonoor', 35, '0'),
(3685, 'Courtalam', 35, '0'),
(3686, 'Cuddalore', 35, '0'),
(3687, 'Dalavaipatti', 35, '0'),
(3688, 'Darasuram', 35, '0'),
(3689, 'Denkanikottai', 35, '0'),
(3690, 'Desur', 35, '0'),
(3691, 'Devadanapatti', 35, '0'),
(3692, 'Devakkottai', 35, '0'),
(3693, 'Devakottai', 35, '0'),
(3694, 'Devanangurichi', 35, '0'),
(3695, 'Devarshola', 35, '0'),
(3696, 'Devasthanam', 35, '0'),
(3697, 'Dhalavoipuram', 35, '0'),
(3698, 'Dhali', 35, '0'),
(3699, 'Dhaliyur', 35, '0'),
(3700, 'Dharapadavedu', 35, '0'),
(3701, 'Dharapuram', 35, '0'),
(3702, 'Dharmapuri', 35, '0'),
(3703, 'Dindigul', 35, '0'),
(3704, 'Dusi', 35, '0'),
(3705, 'Edaganasalai', 35, '0'),
(3706, 'Edaikodu', 35, '0'),
(3707, 'Edakalinadu', 35, '0'),
(3708, 'Elathur', 35, '0'),
(3709, 'Elayirampannai', 35, '0'),
(3710, 'Elumalai', 35, '0'),
(3711, 'Eral', 35, '0'),
(3712, 'Eraniel', 35, '0'),
(3713, 'Eriodu', 35, '0'),
(3714, 'Erode', 35, '0'),
(3715, 'Erumaipatti', 35, '0'),
(3716, 'Eruvadi', 35, '0'),
(3717, 'Ethapur', 35, '0'),
(3718, 'Ettaiyapuram', 35, '0'),
(3719, 'Ettimadai', 35, '0'),
(3720, 'Ezhudesam', 35, '0'),
(3721, 'Ganapathipuram', 35, '0'),
(3722, 'Gandhi Nagar', 35, '0'),
(3723, 'Gangaikondan', 35, '0'),
(3724, 'Gangavalli', 35, '0'),
(3725, 'Ganguvarpatti', 35, '0'),
(3726, 'Gingi', 35, '0');
INSERT INTO `cities` (`id`, `name`, `state_id`, `is_del`) VALUES
(3727, 'Gopalasamudram', 35, '0'),
(3728, 'Gopichettipalaiyam', 35, '0'),
(3729, 'Gudalur', 35, '0'),
(3730, 'Gudiyattam', 35, '0'),
(3731, 'Guduvanchery', 35, '0'),
(3732, 'Gummidipoondi', 35, '0'),
(3733, 'Hanumanthampatti', 35, '0'),
(3734, 'Harur', 35, '0'),
(3735, 'Harveypatti', 35, '0'),
(3736, 'Highways', 35, '0'),
(3737, 'Hosur', 35, '0'),
(3738, 'Hubbathala', 35, '0'),
(3739, 'Huligal', 35, '0'),
(3740, 'Idappadi', 35, '0'),
(3741, 'Idikarai', 35, '0'),
(3742, 'Ilampillai', 35, '0'),
(3743, 'Ilanji', 35, '0'),
(3744, 'Iluppaiyurani', 35, '0'),
(3745, 'Iluppur', 35, '0'),
(3746, 'Inam Karur', 35, '0'),
(3747, 'Injambakkam', 35, '0'),
(3748, 'Irugur', 35, '0'),
(3749, 'Jaffrabad', 35, '0'),
(3750, 'Jagathala', 35, '0'),
(3751, 'Jalakandapuram', 35, '0'),
(3752, 'Jalladiampet', 35, '0'),
(3753, 'Jambai', 35, '0'),
(3754, 'Jayankondam', 35, '0'),
(3755, 'Jolarpet', 35, '0'),
(3756, 'Kadambur', 35, '0'),
(3757, 'Kadathur', 35, '0'),
(3758, 'Kadayal', 35, '0'),
(3759, 'Kadayampatti', 35, '0'),
(3760, 'Kadayanallur', 35, '0'),
(3761, 'Kadiapatti', 35, '0'),
(3762, 'Kalakkad', 35, '0'),
(3763, 'Kalambur', 35, '0'),
(3764, 'Kalapatti', 35, '0'),
(3765, 'Kalappanaickenpatti', 35, '0'),
(3766, 'Kalavai', 35, '0'),
(3767, 'Kalinjur', 35, '0'),
(3768, 'Kaliyakkavilai', 35, '0'),
(3769, 'Kallakkurichi', 35, '0'),
(3770, 'Kallakudi', 35, '0'),
(3771, 'Kallidaikurichchi', 35, '0'),
(3772, 'Kallukuttam', 35, '0'),
(3773, 'Kallupatti', 35, '0'),
(3774, 'Kalpakkam', 35, '0'),
(3775, 'Kalugumalai', 35, '0'),
(3776, 'Kamayagoundanpatti', 35, '0'),
(3777, 'Kambainallur', 35, '0'),
(3778, 'Kambam', 35, '0'),
(3779, 'Kamuthi', 35, '0'),
(3780, 'Kanadukathan', 35, '0'),
(3781, 'Kanakkampalayam', 35, '0'),
(3782, 'Kanam', 35, '0'),
(3783, 'Kanchipuram', 35, '0'),
(3784, 'Kandanur', 35, '0'),
(3785, 'Kangayam', 35, '0'),
(3786, 'Kangayampalayam', 35, '0'),
(3787, 'Kangeyanallur', 35, '0'),
(3788, 'Kaniyur', 35, '0'),
(3789, 'Kanjikoil', 35, '0'),
(3790, 'Kannadendal', 35, '0'),
(3791, 'Kannamangalam', 35, '0'),
(3792, 'Kannampalayam', 35, '0'),
(3793, 'Kannankurichi', 35, '0'),
(3794, 'Kannapalaiyam', 35, '0'),
(3795, 'Kannivadi', 35, '0'),
(3796, 'Kanyakumari', 35, '0'),
(3797, 'Kappiyarai', 35, '0'),
(3798, 'Karaikkudi', 35, '0'),
(3799, 'Karamadai', 35, '0'),
(3800, 'Karambakkam', 35, '0'),
(3801, 'Karambakkudi', 35, '0'),
(3802, 'Kariamangalam', 35, '0'),
(3803, 'Kariapatti', 35, '0'),
(3804, 'Karugampattur', 35, '0'),
(3805, 'Karumandi Chellipalayam', 35, '0'),
(3806, 'Karumathampatti', 35, '0'),
(3807, 'Karumbakkam', 35, '0'),
(3808, 'Karungal', 35, '0'),
(3809, 'Karunguzhi', 35, '0'),
(3810, 'Karuppur', 35, '0'),
(3811, 'Karur', 35, '0'),
(3812, 'Kasipalaiyam', 35, '0'),
(3813, 'Kasipalayam G', 35, '0'),
(3814, 'Kathirvedu', 35, '0'),
(3815, 'Kathujuganapalli', 35, '0'),
(3816, 'Katpadi', 35, '0'),
(3817, 'Kattivakkam', 35, '0'),
(3818, 'Kattumannarkoil', 35, '0'),
(3819, 'Kattupakkam', 35, '0'),
(3820, 'Kattuputhur', 35, '0'),
(3821, 'Kaveripakkam', 35, '0'),
(3822, 'Kaveripattinam', 35, '0'),
(3823, 'Kavundampalaiyam', 35, '0'),
(3824, 'Kavundampalayam', 35, '0'),
(3825, 'Kayalpattinam', 35, '0'),
(3826, 'Kayattar', 35, '0'),
(3827, 'Kelamangalam', 35, '0'),
(3828, 'Kelambakkam', 35, '0'),
(3829, 'Kembainaickenpalayam', 35, '0'),
(3830, 'Kethi', 35, '0'),
(3831, 'Kilakarai', 35, '0'),
(3832, 'Kilampadi', 35, '0'),
(3833, 'Kilkulam', 35, '0'),
(3834, 'Kilkunda', 35, '0'),
(3835, 'Killiyur', 35, '0'),
(3836, 'Killlai', 35, '0'),
(3837, 'Kilpennathur', 35, '0'),
(3838, 'Kilvelur', 35, '0'),
(3839, 'Kinathukadavu', 35, '0'),
(3840, 'Kiramangalam', 35, '0'),
(3841, 'Kiranur', 35, '0'),
(3842, 'Kiripatti', 35, '0'),
(3843, 'Kizhapavur', 35, '0'),
(3844, 'Kmarasamipatti', 35, '0'),
(3845, 'Kochadai', 35, '0'),
(3846, 'Kodaikanal', 35, '0'),
(3847, 'Kodambakkam', 35, '0'),
(3848, 'Kodavasal', 35, '0'),
(3849, 'Kodumudi', 35, '0'),
(3850, 'Kolachal', 35, '0'),
(3851, 'Kolappalur', 35, '0'),
(3852, 'Kolathupalayam', 35, '0'),
(3853, 'Kolathur', 35, '0'),
(3854, 'Kollankodu', 35, '0'),
(3855, 'Kollankoil', 35, '0'),
(3856, 'Komaralingam', 35, '0'),
(3857, 'Komarapalayam', 35, '0'),
(3858, 'Kombai', 35, '0'),
(3859, 'Konakkarai', 35, '0'),
(3860, 'Konavattam', 35, '0'),
(3861, 'Kondalampatti', 35, '0'),
(3862, 'Konganapuram', 35, '0'),
(3863, 'Koradacheri', 35, '0'),
(3864, 'Korampallam', 35, '0'),
(3865, 'Kotagiri', 35, '0'),
(3866, 'Kothinallur', 35, '0'),
(3867, 'Kottaiyur', 35, '0'),
(3868, 'Kottakuppam', 35, '0'),
(3869, 'Kottaram', 35, '0'),
(3870, 'Kottivakkam', 35, '0'),
(3871, 'Kottur', 35, '0'),
(3872, 'Kovilpatti', 35, '0'),
(3873, 'Koyampattur', 35, '0'),
(3874, 'Krishnagiri', 35, '0'),
(3875, 'Krishnarayapuram', 35, '0'),
(3876, 'Krishnasamudram', 35, '0'),
(3877, 'Kuchanur', 35, '0'),
(3878, 'Kuhalur', 35, '0'),
(3879, 'Kulasekarappattinam', 35, '0'),
(3880, 'Kulasekarapuram', 35, '0'),
(3881, 'Kulithalai', 35, '0'),
(3882, 'Kumarapalaiyam', 35, '0'),
(3883, 'Kumarapalayam', 35, '0'),
(3884, 'Kumarapuram', 35, '0'),
(3885, 'Kumbakonam', 35, '0'),
(3886, 'Kundrathur', 35, '0'),
(3887, 'Kuniyamuthur', 35, '0'),
(3888, 'Kunnathur', 35, '0'),
(3889, 'Kunur', 35, '0'),
(3890, 'Kuraikundu', 35, '0'),
(3891, 'Kurichi', 35, '0'),
(3892, 'Kurinjippadi', 35, '0'),
(3893, 'Kurudampalaiyam', 35, '0'),
(3894, 'Kurumbalur', 35, '0'),
(3895, 'Kuthalam', 35, '0'),
(3896, 'Kuthappar', 35, '0'),
(3897, 'Kuttalam', 35, '0'),
(3898, 'Kuttanallur', 35, '0'),
(3899, 'Kuzhithurai', 35, '0'),
(3900, 'Labbaikudikadu', 35, '0'),
(3901, 'Lakkampatti', 35, '0'),
(3902, 'Lalgudi', 35, '0'),
(3903, 'Lalpet', 35, '0'),
(3904, 'Llayangudi', 35, '0'),
(3905, 'Madambakkam', 35, '0'),
(3906, 'Madanur', 35, '0'),
(3907, 'Madathukulam', 35, '0'),
(3908, 'Madhavaram', 35, '0'),
(3909, 'Madippakkam', 35, '0'),
(3910, 'Madukkarai', 35, '0'),
(3911, 'Madukkur', 35, '0'),
(3912, 'Madurai', 35, '0'),
(3913, 'Maduranthakam', 35, '0'),
(3914, 'Maduravoyal', 35, '0'),
(3915, 'Mahabalipuram', 35, '0'),
(3916, 'Makkinanpatti', 35, '0'),
(3917, 'Mallamuppampatti', 35, '0'),
(3918, 'Mallankinaru', 35, '0'),
(3919, 'Mallapuram', 35, '0'),
(3920, 'Mallasamudram', 35, '0'),
(3921, 'Mallur', 35, '0'),
(3922, 'Mamallapuram', 35, '0'),
(3923, 'Mamsapuram', 35, '0'),
(3924, 'Manachanallur', 35, '0'),
(3925, 'Manali', 35, '0'),
(3926, 'Manalmedu', 35, '0'),
(3927, 'Manalurpet', 35, '0'),
(3928, 'Manamadurai', 35, '0'),
(3929, 'Manapakkam', 35, '0'),
(3930, 'Manapparai', 35, '0'),
(3931, 'Manavalakurichi', 35, '0'),
(3932, 'Mandaikadu', 35, '0'),
(3933, 'Mandapam', 35, '0'),
(3934, 'Mangadu', 35, '0'),
(3935, 'Mangalam', 35, '0'),
(3936, 'Mangalampet', 35, '0'),
(3937, 'Manimutharu', 35, '0'),
(3938, 'Mannargudi', 35, '0'),
(3939, 'Mappilaiurani', 35, '0'),
(3940, 'Maraimalai Nagar', 35, '0'),
(3941, 'Marakkanam', 35, '0'),
(3942, 'Maramangalathupatti', 35, '0'),
(3943, 'Marandahalli', 35, '0'),
(3944, 'Markayankottai', 35, '0'),
(3945, 'Marudur', 35, '0'),
(3946, 'Marungur', 35, '0'),
(3947, 'Masinigudi', 35, '0'),
(3948, 'Mathigiri', 35, '0'),
(3949, 'Mattur', 35, '0'),
(3950, 'Mayiladuthurai', 35, '0'),
(3951, 'Mecheri', 35, '0'),
(3952, 'Melacheval', 35, '0'),
(3953, 'Melachokkanathapuram', 35, '0'),
(3954, 'Melagaram', 35, '0'),
(3955, 'Melamadai', 35, '0'),
(3956, 'Melamaiyur', 35, '0'),
(3957, 'Melanattam', 35, '0'),
(3958, 'Melathiruppanthuruthi', 35, '0'),
(3959, 'Melattur', 35, '0'),
(3960, 'Melmananbedu', 35, '0'),
(3961, 'Melpattampakkam', 35, '0'),
(3962, 'Melur', 35, '0'),
(3963, 'Melvisharam', 35, '0'),
(3964, 'Mettupalayam', 35, '0'),
(3965, 'Mettur', 35, '0'),
(3966, 'Meyyanur', 35, '0'),
(3967, 'Milavittan', 35, '0'),
(3968, 'Minakshipuram', 35, '0'),
(3969, 'Minambakkam', 35, '0'),
(3970, 'Minjur', 35, '0'),
(3971, 'Modakurichi', 35, '0'),
(3972, 'Mohanur', 35, '0'),
(3973, 'Mopperipalayam', 35, '0'),
(3974, 'Mudalur', 35, '0'),
(3975, 'Mudichur', 35, '0'),
(3976, 'Mudukulathur', 35, '0'),
(3977, 'Mukasipidariyur', 35, '0'),
(3978, 'Mukkudal', 35, '0'),
(3979, 'Mulagumudu', 35, '0'),
(3980, 'Mulakaraipatti', 35, '0'),
(3981, 'Mulanur', 35, '0'),
(3982, 'Mullakkadu', 35, '0'),
(3983, 'Muruganpalayam', 35, '0'),
(3984, 'Musiri', 35, '0'),
(3985, 'Muthupet', 35, '0'),
(3986, 'Muthur', 35, '0'),
(3987, 'Muttayyapuram', 35, '0'),
(3988, 'Muttupet', 35, '0'),
(3989, 'Muvarasampettai', 35, '0'),
(3990, 'Myladi', 35, '0'),
(3991, 'Mylapore', 35, '0'),
(3992, 'Nadukkuthagai', 35, '0'),
(3993, 'Naduvattam', 35, '0'),
(3994, 'Nagapattinam', 35, '0'),
(3995, 'Nagavakulam', 35, '0'),
(3996, 'Nagercoil', 35, '0'),
(3997, 'Nagojanahalli', 35, '0'),
(3998, 'Nallampatti', 35, '0'),
(3999, 'Nallur', 35, '0'),
(4000, 'Namagiripettai', 35, '0'),
(4001, 'Namakkal', 35, '0'),
(4002, 'Nambiyur', 35, '0'),
(4003, 'Nambutalai', 35, '0'),
(4004, 'Nandambakkam', 35, '0'),
(4005, 'Nandivaram', 35, '0'),
(4006, 'Nangavalli', 35, '0'),
(4007, 'Nangavaram', 35, '0'),
(4008, 'Nanguneri', 35, '0'),
(4009, 'Nanjikottai', 35, '0'),
(4010, 'Nannilam', 35, '0'),
(4011, 'Naranammalpuram', 35, '0'),
(4012, 'Naranapuram', 35, '0'),
(4013, 'Narasimhanaickenpalayam', 35, '0'),
(4014, 'Narasingapuram', 35, '0'),
(4015, 'Narasojipatti', 35, '0'),
(4016, 'Naravarikuppam', 35, '0'),
(4017, 'Nasiyanur', 35, '0'),
(4018, 'Natham', 35, '0'),
(4019, 'Nathampannai', 35, '0'),
(4020, 'Natrampalli', 35, '0'),
(4021, 'Nattam', 35, '0'),
(4022, 'Nattapettai', 35, '0'),
(4023, 'Nattarasankottai', 35, '0'),
(4024, 'Navalpattu', 35, '0'),
(4025, 'Nazarethpettai', 35, '0'),
(4026, 'Nazerath', 35, '0'),
(4027, 'Neikkarapatti', 35, '0'),
(4028, 'Neiyyur', 35, '0'),
(4029, 'Nellikkuppam', 35, '0'),
(4030, 'Nelliyalam', 35, '0'),
(4031, 'Nemili', 35, '0'),
(4032, 'Nemilicheri', 35, '0'),
(4033, 'Neripperichal', 35, '0'),
(4034, 'Nerkunram', 35, '0'),
(4035, 'Nerkuppai', 35, '0'),
(4036, 'Nerunjipettai', 35, '0'),
(4037, 'Neykkarappatti', 35, '0'),
(4038, 'Neyveli', 35, '0'),
(4039, 'Nidamangalam', 35, '0'),
(4040, 'Nilagiri', 35, '0'),
(4041, 'Nilakkottai', 35, '0'),
(4042, 'Nilankarai', 35, '0'),
(4043, 'Odaipatti', 35, '0'),
(4044, 'Odaiyakulam', 35, '0'),
(4045, 'Oddanchatram', 35, '0'),
(4046, 'Odugathur', 35, '0'),
(4047, 'Oggiyamduraipakkam', 35, '0'),
(4048, 'Olagadam', 35, '0'),
(4049, 'Omalur', 35, '0'),
(4050, 'Ooty', 35, '0'),
(4051, 'Orathanadu', 35, '0'),
(4052, 'Othakadai', 35, '0'),
(4053, 'Othakalmandapam', 35, '0'),
(4054, 'Ottapparai', 35, '0'),
(4055, 'Pacode', 35, '0'),
(4056, 'Padaividu', 35, '0'),
(4057, 'Padianallur', 35, '0'),
(4058, 'Padirikuppam', 35, '0'),
(4059, 'Padmanabhapuram', 35, '0'),
(4060, 'Padririvedu', 35, '0'),
(4061, 'Palaganangudy', 35, '0'),
(4062, 'Palaimpatti', 35, '0'),
(4063, 'Palakkodu', 35, '0'),
(4064, 'Palamedu', 35, '0'),
(4065, 'Palani', 35, '0'),
(4066, 'Palani Chettipatti', 35, '0'),
(4067, 'Palavakkam', 35, '0'),
(4068, 'Palavansathu', 35, '0'),
(4069, 'Palayakayal', 35, '0'),
(4070, 'Palayam', 35, '0'),
(4071, 'Palayamkottai', 35, '0'),
(4072, 'Palladam', 35, '0'),
(4073, 'Pallapalayam', 35, '0'),
(4074, 'Pallapatti', 35, '0'),
(4075, 'Pallattur', 35, '0'),
(4076, 'Pallavaram', 35, '0'),
(4077, 'Pallikaranai', 35, '0'),
(4078, 'Pallikonda', 35, '0'),
(4079, 'Pallipalaiyam', 35, '0'),
(4080, 'Pallipalaiyam Agraharam', 35, '0'),
(4081, 'Pallipattu', 35, '0'),
(4082, 'Pammal', 35, '0'),
(4083, 'Panagudi', 35, '0'),
(4084, 'Panaimarathupatti', 35, '0'),
(4085, 'Panapakkam', 35, '0'),
(4086, 'Panboli', 35, '0'),
(4087, 'Pandamangalam', 35, '0'),
(4088, 'Pannaikadu', 35, '0'),
(4089, 'Pannaipuram', 35, '0'),
(4090, 'Pannuratti', 35, '0'),
(4091, 'Panruti', 35, '0'),
(4092, 'Papanasam', 35, '0'),
(4093, 'Pappankurichi', 35, '0'),
(4094, 'Papparapatti', 35, '0'),
(4095, 'Pappireddipatti', 35, '0'),
(4096, 'Paramakkudi', 35, '0'),
(4097, 'Paramankurichi', 35, '0'),
(4098, 'Paramathi', 35, '0'),
(4099, 'Parangippettai', 35, '0'),
(4100, 'Paravai', 35, '0'),
(4101, 'Pasur', 35, '0'),
(4102, 'Pathamadai', 35, '0'),
(4103, 'Pattinam', 35, '0'),
(4104, 'Pattiviranpatti', 35, '0'),
(4105, 'Pattukkottai', 35, '0'),
(4106, 'Pazhugal', 35, '0'),
(4107, 'Pennadam', 35, '0'),
(4108, 'Pennagaram', 35, '0'),
(4109, 'Pennathur', 35, '0'),
(4110, 'Peraiyur', 35, '0'),
(4111, 'Peralam', 35, '0'),
(4112, 'Perambalur', 35, '0'),
(4113, 'Peranamallur', 35, '0'),
(4114, 'Peravurani', 35, '0'),
(4115, 'Periyakodiveri', 35, '0'),
(4116, 'Periyakulam', 35, '0'),
(4117, 'Periyanayakkanpalaiyam', 35, '0'),
(4118, 'Periyanegamam', 35, '0'),
(4119, 'Periyapatti', 35, '0'),
(4120, 'Periyasemur', 35, '0'),
(4121, 'Pernambut', 35, '0'),
(4122, 'Perumagalur', 35, '0'),
(4123, 'Perumandi', 35, '0'),
(4124, 'Perumuchi', 35, '0'),
(4125, 'Perundurai', 35, '0'),
(4126, 'Perungalathur', 35, '0'),
(4127, 'Perungudi', 35, '0'),
(4128, 'Perungulam', 35, '0'),
(4129, 'Perur', 35, '0'),
(4130, 'Perur Chettipalaiyam', 35, '0'),
(4131, 'Pethampalayam', 35, '0'),
(4132, 'Pethanaickenpalayam', 35, '0'),
(4133, 'Pillanallur', 35, '0'),
(4134, 'Pirkankaranai', 35, '0'),
(4135, 'Polichalur', 35, '0'),
(4136, 'Pollachi', 35, '0'),
(4137, 'Polur', 35, '0'),
(4138, 'Ponmani', 35, '0'),
(4139, 'Ponnamaravathi', 35, '0'),
(4140, 'Ponnampatti', 35, '0'),
(4141, 'Ponneri', 35, '0'),
(4142, 'Porur', 35, '0'),
(4143, 'Pothanur', 35, '0'),
(4144, 'Pothatturpettai', 35, '0'),
(4145, 'Pudukadai', 35, '0'),
(4146, 'Pudukkottai Cantonment', 35, '0'),
(4147, 'Pudukottai', 35, '0'),
(4148, 'Pudupalaiyam Aghraharam', 35, '0'),
(4149, 'Pudupalayam', 35, '0'),
(4150, 'Pudupatti', 35, '0'),
(4151, 'Pudupattinam', 35, '0'),
(4152, 'Pudur', 35, '0'),
(4153, 'Puduvayal', 35, '0'),
(4154, 'Pulambadi', 35, '0'),
(4155, 'Pulampatti', 35, '0'),
(4156, 'Puliyampatti', 35, '0'),
(4157, 'Puliyankudi', 35, '0'),
(4158, 'Puliyur', 35, '0'),
(4159, 'Pullampadi', 35, '0'),
(4160, 'Puluvapatti', 35, '0'),
(4161, 'Punamalli', 35, '0'),
(4162, 'Punjai Puliyampatti', 35, '0'),
(4163, 'Punjai Thottakurichi', 35, '0'),
(4164, 'Punjaipugalur', 35, '0'),
(4165, 'Puthalam', 35, '0'),
(4166, 'Putteri', 35, '0'),
(4167, 'Puvalur', 35, '0'),
(4168, 'Puzhal', 35, '0'),
(4169, 'Puzhithivakkam', 35, '0'),
(4170, 'Rajapalayam', 35, '0'),
(4171, 'Ramanathapuram', 35, '0'),
(4172, 'Ramapuram', 35, '0'),
(4173, 'Rameswaram', 35, '0'),
(4174, 'Ranipet', 35, '0'),
(4175, 'Rasipuram', 35, '0'),
(4176, 'Rayagiri', 35, '0'),
(4177, 'Rithapuram', 35, '0'),
(4178, 'Rosalpatti', 35, '0'),
(4179, 'Rudravathi', 35, '0'),
(4180, 'Sadayankuppam', 35, '0'),
(4181, 'Saint Thomas Mount', 35, '0'),
(4182, 'Salangapalayam', 35, '0'),
(4183, 'Salem', 35, '0'),
(4184, 'Samalapuram', 35, '0'),
(4185, 'Samathur', 35, '0'),
(4186, 'Sambavar Vadagarai', 35, '0'),
(4187, 'Sankaramanallur', 35, '0'),
(4188, 'Sankarankoil', 35, '0'),
(4189, 'Sankarapuram', 35, '0'),
(4190, 'Sankari', 35, '0'),
(4191, 'Sankarnagar', 35, '0'),
(4192, 'Saravanampatti', 35, '0'),
(4193, 'Sarcarsamakulam', 35, '0'),
(4194, 'Sathiyavijayanagaram', 35, '0'),
(4195, 'Sathuvachari', 35, '0'),
(4196, 'Sathyamangalam', 35, '0'),
(4197, 'Sattankulam', 35, '0'),
(4198, 'Sattur', 35, '0'),
(4199, 'Sayalgudi', 35, '0'),
(4200, 'Sayapuram', 35, '0'),
(4201, 'Seithur', 35, '0'),
(4202, 'Sembakkam', 35, '0'),
(4203, 'Semmipalayam', 35, '0'),
(4204, 'Sennirkuppam', 35, '0'),
(4205, 'Senthamangalam', 35, '0'),
(4206, 'Sentharapatti', 35, '0'),
(4207, 'Senur', 35, '0'),
(4208, 'Sethiathoppu', 35, '0'),
(4209, 'Sevilimedu', 35, '0'),
(4210, 'Sevugampatti', 35, '0'),
(4211, 'Shenbakkam', 35, '0'),
(4212, 'Shencottai', 35, '0'),
(4213, 'Shenkottai', 35, '0'),
(4214, 'Sholavandan', 35, '0'),
(4215, 'Sholinganallur', 35, '0'),
(4216, 'Sholingur', 35, '0'),
(4217, 'Sholur', 35, '0'),
(4218, 'Sikkarayapuram', 35, '0'),
(4219, 'Singampuneri', 35, '0'),
(4220, 'Singanallur', 35, '0'),
(4221, 'Singaperumalkoil', 35, '0'),
(4222, 'Sirapalli', 35, '0'),
(4223, 'Sirkali', 35, '0'),
(4224, 'Sirugamani', 35, '0'),
(4225, 'Sirumugai', 35, '0'),
(4226, 'Sithayankottai', 35, '0'),
(4227, 'Sithurajapuram', 35, '0'),
(4228, 'Sivaganga', 35, '0'),
(4229, 'Sivagiri', 35, '0'),
(4230, 'Sivakasi', 35, '0'),
(4231, 'Sivanthipuram', 35, '0'),
(4232, 'Sivur', 35, '0'),
(4233, 'Soranjeri', 35, '0'),
(4234, 'South Kannanur', 35, '0'),
(4235, 'South Kodikulam', 35, '0'),
(4236, 'Srimushnam', 35, '0'),
(4237, 'Sriperumpudur', 35, '0'),
(4238, 'Sriramapuram', 35, '0'),
(4239, 'Srirangam', 35, '0'),
(4240, 'Srivaikuntam', 35, '0'),
(4241, 'Srivilliputtur', 35, '0'),
(4242, 'Suchindram', 35, '0'),
(4243, 'Suliswaranpatti', 35, '0'),
(4244, 'Sulur', 35, '0'),
(4245, 'Sundarapandiam', 35, '0'),
(4246, 'Sundarapandiapuram', 35, '0'),
(4247, 'Surampatti', 35, '0'),
(4248, 'Surandai', 35, '0'),
(4249, 'Suriyampalayam', 35, '0'),
(4250, 'Swamimalai', 35, '0'),
(4251, 'TNPL Pugalur', 35, '0'),
(4252, 'Tambaram', 35, '0'),
(4253, 'Taramangalam', 35, '0'),
(4254, 'Tattayyangarpettai', 35, '0'),
(4255, 'Tayilupatti', 35, '0'),
(4256, 'Tenkasi', 35, '0'),
(4257, 'Thadikombu', 35, '0'),
(4258, 'Thakkolam', 35, '0'),
(4259, 'Thalainayar', 35, '0'),
(4260, 'Thalakudi', 35, '0'),
(4261, 'Thamaraikulam', 35, '0'),
(4262, 'Thammampatti', 35, '0'),
(4263, 'Thanjavur', 35, '0'),
(4264, 'Thanthoni', 35, '0'),
(4265, 'Tharangambadi', 35, '0'),
(4266, 'Thedavur', 35, '0'),
(4267, 'Thenambakkam', 35, '0'),
(4268, 'Thengampudur', 35, '0'),
(4269, 'Theni', 35, '0'),
(4270, 'Theni Allinagaram', 35, '0'),
(4271, 'Thenkarai', 35, '0'),
(4272, 'Thenthamaraikulam', 35, '0'),
(4273, 'Thenthiruperai', 35, '0'),
(4274, 'Thesur', 35, '0'),
(4275, 'Thevaram', 35, '0'),
(4276, 'Thevur', 35, '0'),
(4277, 'Thiagadurgam', 35, '0'),
(4278, 'Thiagarajar Colony', 35, '0'),
(4279, 'Thingalnagar', 35, '0'),
(4280, 'Thiruchirapalli', 35, '0'),
(4281, 'Thirukarungudi', 35, '0'),
(4282, 'Thirukazhukundram', 35, '0'),
(4283, 'Thirumalayampalayam', 35, '0'),
(4284, 'Thirumazhisai', 35, '0'),
(4285, 'Thirunagar', 35, '0'),
(4286, 'Thirunageswaram', 35, '0'),
(4287, 'Thirunindravur', 35, '0'),
(4288, 'Thirunirmalai', 35, '0'),
(4289, 'Thiruparankundram', 35, '0'),
(4290, 'Thiruparappu', 35, '0'),
(4291, 'Thiruporur', 35, '0'),
(4292, 'Thiruppanandal', 35, '0'),
(4293, 'Thirupuvanam', 35, '0'),
(4294, 'Thiruthangal', 35, '0'),
(4295, 'Thiruthuraipundi', 35, '0'),
(4296, 'Thiruvaivaru', 35, '0'),
(4297, 'Thiruvalam', 35, '0'),
(4298, 'Thiruvarur', 35, '0'),
(4299, 'Thiruvattaru', 35, '0'),
(4300, 'Thiruvenkatam', 35, '0'),
(4301, 'Thiruvennainallur', 35, '0'),
(4302, 'Thiruvithankodu', 35, '0'),
(4303, 'Thisayanvilai', 35, '0'),
(4304, 'Thittacheri', 35, '0'),
(4305, 'Thondamuthur', 35, '0'),
(4306, 'Thorapadi', 35, '0'),
(4307, 'Thottipalayam', 35, '0'),
(4308, 'Thottiyam', 35, '0'),
(4309, 'Thudiyalur', 35, '0'),
(4310, 'Thuthipattu', 35, '0'),
(4311, 'Thuvakudi', 35, '0'),
(4312, 'Timiri', 35, '0'),
(4313, 'Tindivanam', 35, '0'),
(4314, 'Tinnanur', 35, '0'),
(4315, 'Tiruchchendur', 35, '0'),
(4316, 'Tiruchengode', 35, '0'),
(4317, 'Tirukkalukkundram', 35, '0'),
(4318, 'Tirukkattuppalli', 35, '0'),
(4319, 'Tirukkoyilur', 35, '0'),
(4320, 'Tirumangalam', 35, '0'),
(4321, 'Tirumullaivasal', 35, '0'),
(4322, 'Tirumuruganpundi', 35, '0'),
(4323, 'Tirunageswaram', 35, '0'),
(4324, 'Tirunelveli', 35, '0'),
(4325, 'Tirupathur', 35, '0'),
(4326, 'Tirupattur', 35, '0'),
(4327, 'Tiruppuvanam', 35, '0'),
(4328, 'Tirupur', 35, '0'),
(4329, 'Tirusulam', 35, '0'),
(4330, 'Tiruttani', 35, '0'),
(4331, 'Tiruvallur', 35, '0'),
(4332, 'Tiruvannamalai', 35, '0'),
(4333, 'Tiruverambur', 35, '0'),
(4334, 'Tiruverkadu', 35, '0'),
(4335, 'Tiruvethipuram', 35, '0'),
(4336, 'Tiruvidaimarudur', 35, '0'),
(4337, 'Tiruvottiyur', 35, '0'),
(4338, 'Tittakudi', 35, '0'),
(4339, 'Tondi', 35, '0'),
(4340, 'Turaiyur', 35, '0'),
(4341, 'Tuticorin', 35, '0'),
(4342, 'Udagamandalam', 35, '0'),
(4343, 'Udagamandalam Valley', 35, '0'),
(4344, 'Udankudi', 35, '0'),
(4345, 'Udayarpalayam', 35, '0'),
(4346, 'Udumalaipettai', 35, '0'),
(4347, 'Udumalpet', 35, '0'),
(4348, 'Ullur', 35, '0'),
(4349, 'Ulundurpettai', 35, '0'),
(4350, 'Unjalaur', 35, '0'),
(4351, 'Unnamalaikadai', 35, '0'),
(4352, 'Uppidamangalam', 35, '0'),
(4353, 'Uppiliapuram', 35, '0'),
(4354, 'Urachikkottai', 35, '0'),
(4355, 'Urapakkam', 35, '0'),
(4356, 'Usilampatti', 35, '0'),
(4357, 'Uthangarai', 35, '0'),
(4358, 'Uthayendram', 35, '0'),
(4359, 'Uthiramerur', 35, '0'),
(4360, 'Uthukkottai', 35, '0'),
(4361, 'Uttamapalaiyam', 35, '0'),
(4362, 'Uttukkuli', 35, '0'),
(4363, 'Vadakarai Kizhpadugai', 35, '0'),
(4364, 'Vadakkanandal', 35, '0'),
(4365, 'Vadakku Valliyur', 35, '0'),
(4366, 'Vadalur', 35, '0'),
(4367, 'Vadamadurai', 35, '0'),
(4368, 'Vadavalli', 35, '0'),
(4369, 'Vadipatti', 35, '0'),
(4370, 'Vadugapatti', 35, '0'),
(4371, 'Vaithiswarankoil', 35, '0'),
(4372, 'Valangaiman', 35, '0'),
(4373, 'Valasaravakkam', 35, '0'),
(4374, 'Valavanur', 35, '0'),
(4375, 'Vallam', 35, '0'),
(4376, 'Valparai', 35, '0'),
(4377, 'Valvaithankoshtam', 35, '0'),
(4378, 'Vanavasi', 35, '0'),
(4379, 'Vandalur', 35, '0'),
(4380, 'Vandavasi', 35, '0'),
(4381, 'Vandiyur', 35, '0'),
(4382, 'Vaniputhur', 35, '0'),
(4383, 'Vaniyambadi', 35, '0'),
(4384, 'Varadarajanpettai', 35, '0'),
(4385, 'Varadharajapuram', 35, '0'),
(4386, 'Vasudevanallur', 35, '0'),
(4387, 'Vathirairuppu', 35, '0'),
(4388, 'Vattalkundu', 35, '0'),
(4389, 'Vazhapadi', 35, '0'),
(4390, 'Vedapatti', 35, '0'),
(4391, 'Vedaranniyam', 35, '0'),
(4392, 'Vedasandur', 35, '0'),
(4393, 'Velampalaiyam', 35, '0'),
(4394, 'Velankanni', 35, '0'),
(4395, 'Vellakinar', 35, '0'),
(4396, 'Vellakoil', 35, '0'),
(4397, 'Vellalapatti', 35, '0'),
(4398, 'Vellalur', 35, '0'),
(4399, 'Vellanur', 35, '0'),
(4400, 'Vellimalai', 35, '0'),
(4401, 'Vellore', 35, '0'),
(4402, 'Vellottamparappu', 35, '0'),
(4403, 'Velluru', 35, '0'),
(4404, 'Vengampudur', 35, '0'),
(4405, 'Vengathur', 35, '0'),
(4406, 'Vengavasal', 35, '0'),
(4407, 'Venghatur', 35, '0'),
(4408, 'Venkarai', 35, '0'),
(4409, 'Vennanthur', 35, '0'),
(4410, 'Veppathur', 35, '0'),
(4411, 'Verkilambi', 35, '0'),
(4412, 'Vettaikaranpudur', 35, '0'),
(4413, 'Vettavalam', 35, '0'),
(4414, 'Vijayapuri', 35, '0'),
(4415, 'Vikramasingapuram', 35, '0'),
(4416, 'Vikravandi', 35, '0'),
(4417, 'Vilangudi', 35, '0'),
(4418, 'Vilankurichi', 35, '0'),
(4419, 'Vilapakkam', 35, '0'),
(4420, 'Vilathikulam', 35, '0'),
(4421, 'Vilavur', 35, '0'),
(4422, 'Villukuri', 35, '0'),
(4423, 'Villupuram', 35, '0'),
(4424, 'Viraganur', 35, '0'),
(4425, 'Virakeralam', 35, '0'),
(4426, 'Virakkalpudur', 35, '0'),
(4427, 'Virapandi', 35, '0'),
(4428, 'Virapandi Cantonment', 35, '0'),
(4429, 'Virappanchatram', 35, '0'),
(4430, 'Viravanallur', 35, '0'),
(4431, 'Virudambattu', 35, '0'),
(4432, 'Virudhachalam', 35, '0'),
(4433, 'Virudhunagar', 35, '0'),
(4434, 'Virupakshipuram', 35, '0'),
(4435, 'Viswanatham', 35, '0'),
(4436, 'Vriddhachalam', 35, '0'),
(4437, 'Walajabad', 35, '0'),
(4438, 'Walajapet', 35, '0'),
(4439, 'Wellington', 35, '0'),
(4440, 'Yercaud', 35, '0'),
(4441, 'Zamin Uthukuli', 35, '0'),
(4442, 'Achampet', 36, '0'),
(4443, 'Adilabad', 36, '0'),
(4444, 'Armoor', 36, '0'),
(4445, 'Asifabad', 36, '0'),
(4446, 'Badepally', 36, '0'),
(4447, 'Banswada', 36, '0'),
(4448, 'Bellampalli', 36, '0'),
(4449, 'Bhadrachalam', 36, '0'),
(4450, 'Bhainsa', 36, '0'),
(4451, 'Bhongir', 36, '0'),
(4452, 'Bhupalpally', 36, '0'),
(4453, 'Bodhan', 36, '0'),
(4454, 'Bollaram', 36, '0'),
(4455, 'Devarkonda', 36, '0'),
(4456, 'Farooqnagar', 36, '0'),
(4457, 'Gadwal', 36, '0'),
(4458, 'Gajwel', 36, '0'),
(4459, 'Ghatkesar', 36, '0'),
(4460, 'Hyderabad', 36, '0'),
(4461, 'Jagtial', 36, '0'),
(4462, 'Jangaon', 36, '0'),
(4463, 'Kagaznagar', 36, '0'),
(4464, 'Kalwakurthy', 36, '0'),
(4465, 'Kamareddy', 36, '0'),
(4466, 'Karimnagar', 36, '0'),
(4467, 'Khammam', 36, '0'),
(4468, 'Kodada', 36, '0'),
(4469, 'Koratla', 36, '0'),
(4470, 'Kottagudem', 36, '0'),
(4471, 'Kyathampalle', 36, '0'),
(4472, 'Madhira', 36, '0'),
(4473, 'Mahabubabad', 36, '0'),
(4474, 'Mahbubnagar', 36, '0'),
(4475, 'Mancherial', 36, '0'),
(4476, 'Mandamarri', 36, '0'),
(4477, 'Manuguru', 36, '0'),
(4478, 'Medak', 36, '0'),
(4479, 'Medchal', 36, '0'),
(4480, 'Miryalaguda', 36, '0'),
(4481, 'Nagar Karnul', 36, '0'),
(4482, 'Nakrekal', 36, '0'),
(4483, 'Nalgonda', 36, '0'),
(4484, 'Narayanpet', 36, '0'),
(4485, 'Narsampet', 36, '0'),
(4486, 'Nirmal', 36, '0'),
(4487, 'Nizamabad', 36, '0'),
(4488, 'Palwancha', 36, '0'),
(4489, 'Peddapalli', 36, '0'),
(4490, 'Ramagundam', 36, '0'),
(4491, 'Ranga Reddy district', 36, '0'),
(4492, 'Sadasivpet', 36, '0'),
(4493, 'Sangareddy', 36, '0'),
(4494, 'Sarapaka', 36, '0'),
(4495, 'Sathupalle', 36, '0'),
(4496, 'Secunderabad', 36, '0'),
(4497, 'Siddipet', 36, '0'),
(4498, 'Singapur', 36, '0'),
(4499, 'Sircilla', 36, '0'),
(4500, 'Suryapet', 36, '0'),
(4501, 'Tandur', 36, '0'),
(4502, 'Vemulawada', 36, '0'),
(4503, 'Vikarabad', 36, '0'),
(4504, 'Wanaparthy', 36, '0'),
(4505, 'Warangal', 36, '0'),
(4506, 'Yellandu', 36, '0'),
(4507, 'Zahirabad', 36, '0'),
(4508, 'Agartala', 37, '0'),
(4509, 'Amarpur', 37, '0'),
(4510, 'Ambassa', 37, '0'),
(4511, 'Badharghat', 37, '0'),
(4512, 'Belonia', 37, '0'),
(4513, 'Dharmanagar', 37, '0'),
(4514, 'Gakulnagar', 37, '0'),
(4515, 'Gandhigram', 37, '0'),
(4516, 'Indranagar', 37, '0'),
(4517, 'Jogendranagar', 37, '0'),
(4518, 'Kailasahar', 37, '0'),
(4519, 'Kamalpur', 37, '0'),
(4520, 'Kanchanpur', 37, '0'),
(4521, 'Khowai', 37, '0'),
(4522, 'Kumarghat', 37, '0'),
(4523, 'Kunjaban', 37, '0'),
(4524, 'Narsingarh', 37, '0'),
(4525, 'Pratapgarh', 37, '0'),
(4526, 'Ranir Bazar', 37, '0'),
(4527, 'Sabrum', 37, '0'),
(4528, 'Sonamura', 37, '0'),
(4529, 'Teliamura', 37, '0'),
(4530, 'Udaipur', 37, '0'),
(4531, 'Achhalda', 38, '0'),
(4532, 'Achhnera', 38, '0'),
(4533, 'Adari', 38, '0'),
(4534, 'Afzalgarh', 38, '0'),
(4535, 'Agarwal Mandi', 38, '0'),
(4536, 'Agra', 38, '0'),
(4537, 'Agra Cantonment', 38, '0'),
(4538, 'Ahraura', 38, '0'),
(4539, 'Ailum', 38, '0'),
(4540, 'Air Force Area', 38, '0'),
(4541, 'Ajhuwa', 38, '0'),
(4542, 'Akbarpur', 38, '0'),
(4543, 'Alapur', 38, '0'),
(4544, 'Aliganj', 38, '0'),
(4545, 'Aligarh', 38, '0'),
(4546, 'Allahabad', 38, '0'),
(4547, 'Allahabad Cantonment', 38, '0'),
(4548, 'Allahganj', 38, '0'),
(4549, 'Amanpur', 38, '0'),
(4550, 'Ambahta', 38, '0'),
(4551, 'Amethi', 38, '0'),
(4552, 'Amila', 38, '0'),
(4553, 'Amilo', 38, '0'),
(4554, 'Aminagar Sarai', 38, '0'),
(4555, 'Aminagar Urf Bhurbaral', 38, '0'),
(4556, 'Amraudha', 38, '0'),
(4557, 'Amroha', 38, '0'),
(4558, 'Anandnagar', 38, '0'),
(4559, 'Anpara', 38, '0'),
(4560, 'Antu', 38, '0'),
(4561, 'Anupshahr', 38, '0'),
(4562, 'Aonla', 38, '0'),
(4563, 'Armapur Estate', 38, '0'),
(4564, 'Ashokpuram', 38, '0'),
(4565, 'Ashrafpur Kichhauchha', 38, '0'),
(4566, 'Atarra', 38, '0'),
(4567, 'Atasu', 38, '0'),
(4568, 'Atrauli', 38, '0'),
(4569, 'Atraulia', 38, '0'),
(4570, 'Auraiya', 38, '0'),
(4571, 'Aurangabad', 38, '0'),
(4572, 'Aurangabad Bangar', 38, '0'),
(4573, 'Auras', 38, '0'),
(4574, 'Awagarh', 38, '0'),
(4575, 'Ayodhya', 38, '0'),
(4576, 'Azamgarh', 38, '0'),
(4577, 'Azizpur', 38, '0'),
(4578, 'Azmatgarh', 38, '0'),
(4579, 'Babarpur Ajitmal', 38, '0'),
(4580, 'Baberu', 38, '0'),
(4581, 'Babina', 38, '0'),
(4582, 'Babrala', 38, '0'),
(4583, 'Babugarh', 38, '0'),
(4584, 'Bachhiowan', 38, '0'),
(4585, 'Bachhraon', 38, '0'),
(4586, 'Bad', 38, '0'),
(4587, 'Badaun', 38, '0'),
(4588, 'Baghpat', 38, '0'),
(4589, 'Bah', 38, '0'),
(4590, 'Bahadurganj', 38, '0'),
(4591, 'Baheri', 38, '0'),
(4592, 'Bahjoi', 38, '0'),
(4593, 'Bahraich', 38, '0'),
(4594, 'Bahsuma', 38, '0'),
(4595, 'Bahua', 38, '0'),
(4596, 'Bajna', 38, '0'),
(4597, 'Bakewar', 38, '0'),
(4598, 'Bakiabad', 38, '0'),
(4599, 'Baldeo', 38, '0'),
(4600, 'Ballia', 38, '0'),
(4601, 'Balrampur', 38, '0'),
(4602, 'Banat', 38, '0'),
(4603, 'Banda', 38, '0'),
(4604, 'Bangarmau', 38, '0'),
(4605, 'Banki', 38, '0'),
(4606, 'Bansdih', 38, '0'),
(4607, 'Bansgaon', 38, '0'),
(4608, 'Bansi', 38, '0'),
(4609, 'Barabanki', 38, '0'),
(4610, 'Baragaon', 38, '0'),
(4611, 'Baraut', 38, '0'),
(4612, 'Bareilly', 38, '0'),
(4613, 'Bareilly Cantonment', 38, '0'),
(4614, 'Barhalganj', 38, '0'),
(4615, 'Barhani', 38, '0'),
(4616, 'Barhapur', 38, '0'),
(4617, 'Barkhera', 38, '0'),
(4618, 'Barsana', 38, '0'),
(4619, 'Barva Sagar', 38, '0'),
(4620, 'Barwar', 38, '0'),
(4621, 'Basti', 38, '0'),
(4622, 'Begumabad Budhana', 38, '0'),
(4623, 'Behat', 38, '0'),
(4624, 'Behta Hajipur', 38, '0'),
(4625, 'Bela', 38, '0'),
(4626, 'Belthara', 38, '0'),
(4627, 'Beniganj', 38, '0'),
(4628, 'Beswan', 38, '0'),
(4629, 'Bewar', 38, '0'),
(4630, 'Bhadarsa', 38, '0'),
(4631, 'Bhadohi', 38, '0'),
(4632, 'Bhagwantnagar', 38, '0'),
(4633, 'Bharatganj', 38, '0'),
(4634, 'Bhargain', 38, '0'),
(4635, 'Bharthana', 38, '0'),
(4636, 'Bharuhana', 38, '0'),
(4637, 'Bharwari', 38, '0'),
(4638, 'Bhatni Bazar', 38, '0'),
(4639, 'Bhatpar Rani', 38, '0'),
(4640, 'Bhawan Bahadurnagar', 38, '0'),
(4641, 'Bhinga', 38, '0'),
(4642, 'Bhojpur Dharampur', 38, '0'),
(4643, 'Bhokarhedi', 38, '0'),
(4644, 'Bhongaon', 38, '0'),
(4645, 'Bhulepur', 38, '0'),
(4646, 'Bidhuna', 38, '0'),
(4647, 'Bighapur', 38, '0'),
(4648, 'Bijnor', 38, '0'),
(4649, 'Bijpur', 38, '0'),
(4650, 'Bikapur', 38, '0'),
(4651, 'Bilari', 38, '0'),
(4652, 'Bilaspur', 38, '0'),
(4653, 'Bilgram', 38, '0'),
(4654, 'Bilhaur', 38, '0'),
(4655, 'Bilram', 38, '0'),
(4656, 'Bilrayaganj', 38, '0'),
(4657, 'Bilsanda', 38, '0'),
(4658, 'Bilsi', 38, '0'),
(4659, 'Bindki', 38, '0'),
(4660, 'Bisalpur', 38, '0'),
(4661, 'Bisanda Buzurg', 38, '0'),
(4662, 'Bisauli', 38, '0'),
(4663, 'Bisharatganj', 38, '0'),
(4664, 'Bisokhar', 38, '0'),
(4665, 'Biswan', 38, '0'),
(4666, 'Bithur', 38, '0'),
(4667, 'Budaun', 38, '0'),
(4668, 'Bugrasi', 38, '0'),
(4669, 'Bulandshahar', 38, '0'),
(4670, 'Burhana', 38, '0'),
(4671, 'Chail', 38, '0'),
(4672, 'Chak Imam Ali', 38, '0'),
(4673, 'Chakeri', 38, '0'),
(4674, 'Chakia', 38, '0'),
(4675, 'Chandauli', 38, '0'),
(4676, 'Chandausi', 38, '0'),
(4677, 'Chandpur', 38, '0'),
(4678, 'Charkhari', 38, '0'),
(4679, 'Charthawal', 38, '0'),
(4680, 'Chaumuhan', 38, '0'),
(4681, 'Chhaprauli', 38, '0'),
(4682, 'Chhara Rafatpur', 38, '0'),
(4683, 'Chharprauli', 38, '0'),
(4684, 'Chhata', 38, '0'),
(4685, 'Chhatari', 38, '0'),
(4686, 'Chhibramau', 38, '0'),
(4687, 'Chhutmalpur', 38, '0'),
(4688, 'Chilkana Sultanpur', 38, '0'),
(4689, 'Chirgaon', 38, '0'),
(4690, 'Chit Baragaon', 38, '0'),
(4691, 'Chitrakut Dham', 38, '0'),
(4692, 'Chopan', 38, '0'),
(4693, 'Choubepur Kalan', 38, '0'),
(4694, 'Chunar', 38, '0'),
(4695, 'Churk Ghurma', 38, '0'),
(4696, 'Colonelganj', 38, '0'),
(4697, 'Dadri', 38, '0'),
(4698, 'Dalmau', 38, '0'),
(4699, 'Dankaur', 38, '0'),
(4700, 'Dariyabad', 38, '0'),
(4701, 'Dasna', 38, '0'),
(4702, 'Dataganj', 38, '0'),
(4703, 'Daurala', 38, '0'),
(4704, 'Dayal Bagh', 38, '0'),
(4705, 'Deoband', 38, '0'),
(4706, 'Deoranian', 38, '0'),
(4707, 'Deoria', 38, '0'),
(4708, 'Dewa', 38, '0'),
(4709, 'Dhampur', 38, '0'),
(4710, 'Dhanauha', 38, '0'),
(4711, 'Dhanauli', 38, '0'),
(4712, 'Dhanaura', 38, '0'),
(4713, 'Dharoti Khurd', 38, '0'),
(4714, 'Dhauratanda', 38, '0'),
(4715, 'Dhaurhra', 38, '0'),
(4716, 'Dibai', 38, '0'),
(4717, 'Dibiyapur', 38, '0'),
(4718, 'Dildarnagar Fatehpur', 38, '0'),
(4719, 'Do Ghat', 38, '0'),
(4720, 'Dohrighat', 38, '0'),
(4721, 'Dostpur', 38, '0'),
(4722, 'Dudhinagar', 38, '0'),
(4723, 'Dulhipur', 38, '0'),
(4724, 'Dundwaraganj', 38, '0'),
(4725, 'Ekdil', 38, '0'),
(4726, 'Erich', 38, '0'),
(4727, 'Etah', 38, '0'),
(4728, 'Etawah', 38, '0'),
(4729, 'Faizabad', 38, '0'),
(4730, 'Faizabad Cantonment', 38, '0'),
(4731, 'Faizganj', 38, '0'),
(4732, 'Farah', 38, '0'),
(4733, 'Faridnagar', 38, '0'),
(4734, 'Faridpur', 38, '0'),
(4735, 'Faridpur Cantonment', 38, '0'),
(4736, 'Fariha', 38, '0'),
(4737, 'Farrukhabad', 38, '0'),
(4738, 'Fatehabad', 38, '0'),
(4739, 'Fatehganj Pashchimi', 38, '0'),
(4740, 'Fatehganj Purvi', 38, '0'),
(4741, 'Fatehgarh', 38, '0'),
(4742, 'Fatehpur', 38, '0'),
(4743, 'Fatehpur Chaurasi', 38, '0'),
(4744, 'Fatehpur Sikri', 38, '0'),
(4745, 'Firozabad', 38, '0'),
(4746, 'Gajraula', 38, '0'),
(4747, 'Ganga Ghat', 38, '0'),
(4748, 'Gangapur', 38, '0'),
(4749, 'Gangoh', 38, '0'),
(4750, 'Ganj Muradabad', 38, '0'),
(4751, 'Garautha', 38, '0'),
(4752, 'Garhi Pukhta', 38, '0'),
(4753, 'Garhmukteshwar', 38, '0'),
(4754, 'Gaura Barahaj', 38, '0'),
(4755, 'Gauri Bazar', 38, '0'),
(4756, 'Gausganj', 38, '0'),
(4757, 'Gawan', 38, '0'),
(4758, 'Ghatampur', 38, '0'),
(4759, 'Ghaziabad', 38, '0'),
(4760, 'Ghazipur', 38, '0'),
(4761, 'Ghiror', 38, '0'),
(4762, 'Ghorawal', 38, '0'),
(4763, 'Ghosi', 38, '0'),
(4764, 'Ghosia Bazar', 38, '0'),
(4765, 'Ghughuli', 38, '0'),
(4766, 'Gohand', 38, '0'),
(4767, 'Gokul', 38, '0'),
(4768, 'Gola Bazar', 38, '0'),
(4769, 'Gola Gokarannath', 38, '0'),
(4770, 'Gonda', 38, '0'),
(4771, 'Gopamau', 38, '0'),
(4772, 'Gopiganj', 38, '0'),
(4773, 'Gorakhpur', 38, '0'),
(4774, 'Gosainganj', 38, '0'),
(4775, 'Govardhan', 38, '0'),
(4776, 'Greater Noida', 38, '0'),
(4777, 'Gulaothi', 38, '0'),
(4778, 'Gulariya', 38, '0'),
(4779, 'Gulariya Bhindara', 38, '0'),
(4780, 'Gunnaur', 38, '0'),
(4781, 'Gursahaiganj', 38, '0'),
(4782, 'Gursarai', 38, '0'),
(4783, 'Gyanpur', 38, '0'),
(4784, 'Hafizpur', 38, '0'),
(4785, 'Haidergarh', 38, '0'),
(4786, 'Haldaur', 38, '0'),
(4787, 'Hamirpur', 38, '0'),
(4788, 'Handia', 38, '0'),
(4789, 'Hapur', 38, '0'),
(4790, 'Hardoi', 38, '0'),
(4791, 'Harduaganj', 38, '0'),
(4792, 'Hargaon', 38, '0'),
(4793, 'Hariharpur', 38, '0'),
(4794, 'Harraiya', 38, '0'),
(4795, 'Hasanpur', 38, '0'),
(4796, 'Hasayan', 38, '0'),
(4797, 'Hastinapur', 38, '0'),
(4798, 'Hata', 38, '0'),
(4799, 'Hathras', 38, '0'),
(4800, 'Hyderabad', 38, '0'),
(4801, 'Ibrahimpur', 38, '0'),
(4802, 'Iglas', 38, '0'),
(4803, 'Ikauna', 38, '0'),
(4804, 'Iltifatganj Bazar', 38, '0'),
(4805, 'Indian Telephone Industry Mank', 38, '0'),
(4806, 'Islamnagar', 38, '0'),
(4807, 'Itaunja', 38, '0'),
(4808, 'Itimadpur', 38, '0'),
(4809, 'Jagner', 38, '0'),
(4810, 'Jahanabad', 38, '0'),
(4811, 'Jahangirabad', 38, '0'),
(4812, 'Jahangirpur', 38, '0'),
(4813, 'Jais', 38, '0'),
(4814, 'Jaithara', 38, '0'),
(4815, 'Jalalabad', 38, '0'),
(4816, 'Jalali', 38, '0'),
(4817, 'Jalalpur', 38, '0'),
(4818, 'Jalaun', 38, '0'),
(4819, 'Jalesar', 38, '0'),
(4820, 'Jamshila', 38, '0'),
(4821, 'Jangipur', 38, '0'),
(4822, 'Jansath', 38, '0'),
(4823, 'Jarwal', 38, '0'),
(4824, 'Jasrana', 38, '0'),
(4825, 'Jaswantnagar', 38, '0'),
(4826, 'Jatari', 38, '0'),
(4827, 'Jaunpur', 38, '0'),
(4828, 'Jewar', 38, '0'),
(4829, 'Jhalu', 38, '0'),
(4830, 'Jhansi', 38, '0'),
(4831, 'Jhansi Cantonment', 38, '0'),
(4832, 'Jhansi Railway Settlement', 38, '0'),
(4833, 'Jhinjhak', 38, '0'),
(4834, 'Jhinjhana', 38, '0'),
(4835, 'Jhusi', 38, '0'),
(4836, 'Jhusi Kohna', 38, '0'),
(4837, 'Jiyanpur', 38, '0'),
(4838, 'Joya', 38, '0'),
(4839, 'Jyoti Khuria', 38, '0'),
(4840, 'Jyotiba Phule Nagar', 38, '0'),
(4841, 'Kabrai', 38, '0'),
(4842, 'Kachhauna Patseni', 38, '0'),
(4843, 'Kachhla', 38, '0'),
(4844, 'Kachhwa', 38, '0'),
(4845, 'Kadaura', 38, '0'),
(4846, 'Kadipur', 38, '0'),
(4847, 'Kailashpur', 38, '0'),
(4848, 'Kaimganj', 38, '0'),
(4849, 'Kairana', 38, '0'),
(4850, 'Kakgaina', 38, '0'),
(4851, 'Kakod', 38, '0'),
(4852, 'Kakori', 38, '0'),
(4853, 'Kakrala', 38, '0'),
(4854, 'Kalinagar', 38, '0'),
(4855, 'Kalpi', 38, '0'),
(4856, 'Kamalganj', 38, '0'),
(4857, 'Kampil', 38, '0'),
(4858, 'Kandhla', 38, '0'),
(4859, 'Kandwa', 38, '0'),
(4860, 'Kannauj', 38, '0'),
(4861, 'Kanpur', 38, '0'),
(4862, 'Kant', 38, '0'),
(4863, 'Kanth', 38, '0'),
(4864, 'Kaptanganj', 38, '0'),
(4865, 'Karaon', 38, '0'),
(4866, 'Karari', 38, '0'),
(4867, 'Karhal', 38, '0'),
(4868, 'Karnawal', 38, '0'),
(4869, 'Kasganj', 38, '0'),
(4870, 'Katariya', 38, '0'),
(4871, 'Katghar Lalganj', 38, '0'),
(4872, 'Kathera', 38, '0'),
(4873, 'Katra', 38, '0'),
(4874, 'Katra Medniganj', 38, '0'),
(4875, 'Kauriaganj', 38, '0'),
(4876, 'Kemri', 38, '0'),
(4877, 'Kerakat', 38, '0'),
(4878, 'Khadda', 38, '0'),
(4879, 'Khaga', 38, '0'),
(4880, 'Khailar', 38, '0'),
(4881, 'Khair', 38, '0'),
(4882, 'Khairabad', 38, '0'),
(4883, 'Khairagarh', 38, '0'),
(4884, 'Khalilabad', 38, '0'),
(4885, 'Khamaria', 38, '0'),
(4886, 'Khanpur', 38, '0'),
(4887, 'Kharela', 38, '0'),
(4888, 'Khargupur', 38, '0'),
(4889, 'Khariya', 38, '0'),
(4890, 'Kharkhoda', 38, '0'),
(4891, 'Khatauli', 38, '0'),
(4892, 'Khatauli Rural', 38, '0'),
(4893, 'Khekra', 38, '0'),
(4894, 'Kheri', 38, '0'),
(4895, 'Kheta Sarai', 38, '0'),
(4896, 'Khudaganj', 38, '0'),
(4897, 'Khurja', 38, '0'),
(4898, 'Khutar', 38, '0'),
(4899, 'Kiraoli', 38, '0'),
(4900, 'Kiratpur', 38, '0'),
(4901, 'Kishanpur', 38, '0'),
(4902, 'Kishni', 38, '0'),
(4903, 'Kithaur', 38, '0'),
(4904, 'Koiripur', 38, '0'),
(4905, 'Konch', 38, '0'),
(4906, 'Kopaganj', 38, '0'),
(4907, 'Kora Jahanabad', 38, '0'),
(4908, 'Korwa', 38, '0'),
(4909, 'Kosi Kalan', 38, '0'),
(4910, 'Kota', 38, '0'),
(4911, 'Kotra', 38, '0'),
(4912, 'Kotwa', 38, '0'),
(4913, 'Kulpahar', 38, '0'),
(4914, 'Kunda', 38, '0'),
(4915, 'Kundarki', 38, '0'),
(4916, 'Kunwargaon', 38, '0'),
(4917, 'Kurara', 38, '0'),
(4918, 'Kurawali', 38, '0'),
(4919, 'Kursath', 38, '0'),
(4920, 'Kurthi Jafarpur', 38, '0'),
(4921, 'Kushinagar', 38, '0'),
(4922, 'Kusmara', 38, '0'),
(4923, 'Laharpur', 38, '0'),
(4924, 'Lakhimpur', 38, '0'),
(4925, 'Lakhna', 38, '0'),
(4926, 'Lalganj', 38, '0'),
(4927, 'Lalitpur', 38, '0'),
(4928, 'Lar', 38, '0'),
(4929, 'Lawar', 38, '0'),
(4930, 'Ledwa Mahuwa', 38, '0'),
(4931, 'Lohta', 38, '0'),
(4932, 'Loni', 38, '0'),
(4933, 'Lucknow', 38, '0'),
(4934, 'Machhlishahr', 38, '0'),
(4935, 'Madhoganj', 38, '0'),
(4936, 'Madhogarh', 38, '0'),
(4937, 'Maghar', 38, '0'),
(4938, 'Mahaban', 38, '0'),
(4939, 'Maharajganj', 38, '0'),
(4940, 'Mahmudabad', 38, '0'),
(4941, 'Mahoba', 38, '0'),
(4942, 'Maholi', 38, '0'),
(4943, 'Mahona', 38, '0'),
(4944, 'Mahroni', 38, '0'),
(4945, 'Mailani', 38, '0'),
(4946, 'Mainpuri', 38, '0'),
(4947, 'Majhara Pipar Ehatmali', 38, '0'),
(4948, 'Majhauli Raj', 38, '0'),
(4949, 'Malihabad', 38, '0'),
(4950, 'Mallanwam', 38, '0'),
(4951, 'Mandawar', 38, '0'),
(4952, 'Manikpur', 38, '0'),
(4953, 'Maniyar', 38, '0'),
(4954, 'Manjhanpur', 38, '0'),
(4955, 'Mankapur', 38, '0'),
(4956, 'Marehra', 38, '0'),
(4957, 'Mariahu', 38, '0'),
(4958, 'Maruadih', 38, '0'),
(4959, 'Maswasi', 38, '0'),
(4960, 'Mataundh', 38, '0'),
(4961, 'Mathu', 38, '0'),
(4962, 'Mathura', 38, '0'),
(4963, 'Mathura Cantonment', 38, '0'),
(4964, 'Mau', 38, '0'),
(4965, 'Mau Aima', 38, '0'),
(4966, 'Maudaha', 38, '0'),
(4967, 'Mauranipur', 38, '0'),
(4968, 'Maurawan', 38, '0'),
(4969, 'Mawana', 38, '0'),
(4970, 'Meerut', 38, '0'),
(4971, 'Mehnagar', 38, '0'),
(4972, 'Mehndawal', 38, '0'),
(4973, 'Mendu', 38, '0'),
(4974, 'Milak', 38, '0'),
(4975, 'Miranpur', 38, '0'),
(4976, 'Mirat', 38, '0'),
(4977, 'Mirat Cantonment', 38, '0'),
(4978, 'Mirganj', 38, '0'),
(4979, 'Mirzapur', 38, '0'),
(4980, 'Misrikh', 38, '0'),
(4981, 'Modinagar', 38, '0'),
(4982, 'Mogra Badshahpur', 38, '0'),
(4983, 'Mohan', 38, '0'),
(4984, 'Mohanpur', 38, '0'),
(4985, 'Mohiuddinpur', 38, '0'),
(4986, 'Moradabad', 38, '0'),
(4987, 'Moth', 38, '0'),
(4988, 'Mubarakpur', 38, '0'),
(4989, 'Mughal Sarai', 38, '0'),
(4990, 'Mughal Sarai Railway Settlemen', 38, '0'),
(4991, 'Muhammadabad', 38, '0'),
(4992, 'Muhammadi', 38, '0'),
(4993, 'Mukrampur Khema', 38, '0'),
(4994, 'Mundia', 38, '0'),
(4995, 'Mundora', 38, '0'),
(4996, 'Muradnagar', 38, '0'),
(4997, 'Mursan', 38, '0'),
(4998, 'Musafirkhana', 38, '0'),
(4999, 'Muzaffarnagar', 38, '0'),
(5000, 'Nadigaon', 38, '0'),
(5001, 'Nagina', 38, '0'),
(5002, 'Nagram', 38, '0'),
(5003, 'Nai Bazar', 38, '0'),
(5004, 'Nainana Jat', 38, '0'),
(5005, 'Najibabad', 38, '0'),
(5006, 'Nakur', 38, '0'),
(5007, 'Nanaunta', 38, '0'),
(5008, 'Nandgaon', 38, '0'),
(5009, 'Nanpara', 38, '0'),
(5010, 'Naraini', 38, '0'),
(5011, 'Narauli', 38, '0'),
(5012, 'Naraura', 38, '0'),
(5013, 'Naugawan Sadat', 38, '0'),
(5014, 'Nautanwa', 38, '0'),
(5015, 'Nawabganj', 38, '0'),
(5016, 'Nichlaul', 38, '0'),
(5017, 'Nidhauli Kalan', 38, '0'),
(5018, 'Nihtaur', 38, '0'),
(5019, 'Nindaura', 38, '0'),
(5020, 'Niwari', 38, '0'),
(5021, 'Nizamabad', 38, '0'),
(5022, 'Noida', 38, '0'),
(5023, 'Northern Railway Colony', 38, '0'),
(5024, 'Nurpur', 38, '0'),
(5025, 'Nyoria Husenpur', 38, '0'),
(5026, 'Nyotini', 38, '0'),
(5027, 'Obra', 38, '0'),
(5028, 'Oel Dhakwa', 38, '0'),
(5029, 'Orai', 38, '0'),
(5030, 'Oran', 38, '0'),
(5031, 'Ordinance Factory Muradnagar', 38, '0'),
(5032, 'Pachperwa', 38, '0'),
(5033, 'Padrauna', 38, '0'),
(5034, 'Pahasu', 38, '0'),
(5035, 'Paintepur', 38, '0'),
(5036, 'Pali', 38, '0'),
(5037, 'Palia Kalan', 38, '0'),
(5038, 'Parasi', 38, '0'),
(5039, 'Parichha', 38, '0'),
(5040, 'Parichhatgarh', 38, '0'),
(5041, 'Parsadepur', 38, '0'),
(5042, 'Patala', 38, '0'),
(5043, 'Patiyali', 38, '0'),
(5044, 'Patti', 38, '0'),
(5045, 'Pawayan', 38, '0'),
(5046, 'Phalauda', 38, '0'),
(5047, 'Phaphund', 38, '0'),
(5048, 'Phulpur', 38, '0'),
(5049, 'Phulwaria', 38, '0'),
(5050, 'Pihani', 38, '0'),
(5051, 'Pilibhit', 38, '0'),
(5052, 'Pilkana', 38, '0'),
(5053, 'Pilkhuwa', 38, '0'),
(5054, 'Pinahat', 38, '0'),
(5055, 'Pipalsana Chaudhari', 38, '0'),
(5056, 'Pipiganj', 38, '0'),
(5057, 'Pipraich', 38, '0'),
(5058, 'Pipri', 38, '0'),
(5059, 'Pratapgarh', 38, '0'),
(5060, 'Pukhrayan', 38, '0'),
(5061, 'Puranpur', 38, '0'),
(5062, 'Purdil Nagar', 38, '0'),
(5063, 'Purqazi', 38, '0'),
(5064, 'Purwa', 38, '0'),
(5065, 'Qasimpur', 38, '0'),
(5066, 'Rabupura', 38, '0'),
(5067, 'Radha Kund', 38, '0'),
(5068, 'Rae Bareilly', 38, '0'),
(5069, 'Raja Ka Rampur', 38, '0'),
(5070, 'Rajapur', 38, '0'),
(5071, 'Ramkola', 38, '0'),
(5072, 'Ramnagar', 38, '0'),
(5073, 'Rampur', 38, '0'),
(5074, 'Rampur Bhawanipur', 38, '0'),
(5075, 'Rampur Karkhana', 38, '0'),
(5076, 'Rampur Maniharan', 38, '0'),
(5077, 'Rampura', 38, '0'),
(5078, 'Ranipur', 38, '0'),
(5079, 'Rashidpur Garhi', 38, '0'),
(5080, 'Rasra', 38, '0'),
(5081, 'Rasulabad', 38, '0'),
(5082, 'Rath', 38, '0'),
(5083, 'Raya', 38, '0'),
(5084, 'Renukut', 38, '0'),
(5085, 'Reoti', 38, '0'),
(5086, 'Richha', 38, '0'),
(5087, 'Risia Bazar', 38, '0'),
(5088, 'Rithora', 38, '0'),
(5089, 'Robertsganj', 38, '0'),
(5090, 'Roza', 38, '0'),
(5091, 'Rudarpur', 38, '0'),
(5092, 'Rudauli', 38, '0'),
(5093, 'Rudayan', 38, '0'),
(5094, 'Rura', 38, '0'),
(5095, 'Rustamnagar Sahaspur', 38, '0'),
(5096, 'Sabatwar', 38, '0'),
(5097, 'Sadabad', 38, '0'),
(5098, 'Sadat', 38, '0'),
(5099, 'Safipur', 38, '0'),
(5100, 'Sahanpur', 38, '0'),
(5101, 'Saharanpur', 38, '0'),
(5102, 'Sahaspur', 38, '0'),
(5103, 'Sahaswan', 38, '0'),
(5104, 'Sahawar', 38, '0'),
(5105, 'Sahibabad', 38, '0'),
(5106, 'Sahjanwa', 38, '0'),
(5107, 'Sahpau', 38, '0'),
(5108, 'Saidpur', 38, '0'),
(5109, 'Sainthal', 38, '0'),
(5110, 'Saiyadraja', 38, '0'),
(5111, 'Sakhanu', 38, '0'),
(5112, 'Sakit', 38, '0'),
(5113, 'Salarpur Khadar', 38, '0'),
(5114, 'Salimpur', 38, '0'),
(5115, 'Salon', 38, '0'),
(5116, 'Sambhal', 38, '0'),
(5117, 'Sambhawali', 38, '0'),
(5118, 'Samdhan', 38, '0'),
(5119, 'Samthar', 38, '0'),
(5120, 'Sandi', 38, '0'),
(5121, 'Sandila', 38, '0'),
(5122, 'Sarai Mir', 38, '0'),
(5123, 'Sarai akil', 38, '0'),
(5124, 'Sarauli', 38, '0'),
(5125, 'Sardhana', 38, '0'),
(5126, 'Sarila', 38, '0'),
(5127, 'Sarsawan', 38, '0'),
(5128, 'Sasni', 38, '0'),
(5129, 'Satrikh', 38, '0'),
(5130, 'Saunkh', 38, '0'),
(5131, 'Saurikh', 38, '0'),
(5132, 'Seohara', 38, '0'),
(5133, 'Sewal Khas', 38, '0'),
(5134, 'Sewarhi', 38, '0'),
(5135, 'Shahabad', 38, '0'),
(5136, 'Shahganj', 38, '0'),
(5137, 'Shahi', 38, '0'),
(5138, 'Shahjahanpur', 38, '0'),
(5139, 'Shahjahanpur Cantonment', 38, '0'),
(5140, 'Shahpur', 38, '0'),
(5141, 'Shamli', 38, '0'),
(5142, 'Shamsabad', 38, '0'),
(5143, 'Shankargarh', 38, '0'),
(5144, 'Shergarh', 38, '0'),
(5145, 'Sherkot', 38, '0'),
(5146, 'Shikarpur', 38, '0'),
(5147, 'Shikohabad', 38, '0'),
(5148, 'Shisgarh', 38, '0'),
(5149, 'Shivdaspur', 38, '0'),
(5150, 'Shivli', 38, '0'),
(5151, 'Shivrajpur', 38, '0'),
(5152, 'Shohratgarh', 38, '0'),
(5153, 'Siddhanur', 38, '0'),
(5154, 'Siddharthnagar', 38, '0'),
(5155, 'Sidhauli', 38, '0'),
(5156, 'Sidhpura', 38, '0'),
(5157, 'Sikandarabad', 38, '0'),
(5158, 'Sikandarpur', 38, '0'),
(5159, 'Sikandra', 38, '0'),
(5160, 'Sikandra Rao', 38, '0'),
(5161, 'Singahi Bhiraura', 38, '0'),
(5162, 'Sirathu', 38, '0'),
(5163, 'Sirsa', 38, '0'),
(5164, 'Sirsaganj', 38, '0'),
(5165, 'Sirsi', 38, '0'),
(5166, 'Sisauli', 38, '0'),
(5167, 'Siswa Bazar', 38, '0'),
(5168, 'Sitapur', 38, '0'),
(5169, 'Siyana', 38, '0'),
(5170, 'Som', 38, '0'),
(5171, 'Sonbhadra', 38, '0'),
(5172, 'Soron', 38, '0'),
(5173, 'Suar', 38, '0'),
(5174, 'Sukhmalpur Nizamabad', 38, '0'),
(5175, 'Sultanpur', 38, '0'),
(5176, 'Sumerpur', 38, '0'),
(5177, 'Suriyawan', 38, '0'),
(5178, 'Swamibagh', 38, '0'),
(5179, 'Tajpur', 38, '0'),
(5180, 'Talbahat', 38, '0'),
(5181, 'Talgram', 38, '0'),
(5182, 'Tambaur', 38, '0'),
(5183, 'Tanda', 38, '0'),
(5184, 'Tatarpur Lallu', 38, '0'),
(5185, 'Tetribazar', 38, '0'),
(5186, 'Thakurdwara', 38, '0'),
(5187, 'Thana Bhawan', 38, '0'),
(5188, 'Thiriya Nizamat Khan', 38, '0'),
(5189, 'Tikaitnagar', 38, '0'),
(5190, 'Tikri', 38, '0'),
(5191, 'Tilhar', 38, '0'),
(5192, 'Tindwari', 38, '0'),
(5193, 'Tirwaganj', 38, '0'),
(5194, 'Titron', 38, '0'),
(5195, 'Tori Fatehpur', 38, '0'),
(5196, 'Tulsipur', 38, '0'),
(5197, 'Tundla', 38, '0'),
(5198, 'Tundla Kham', 38, '0'),
(5199, 'Tundla Railway Colony', 38, '0'),
(5200, 'Ugu', 38, '0'),
(5201, 'Ujhani', 38, '0'),
(5202, 'Ujhari', 38, '0'),
(5203, 'Umri', 38, '0'),
(5204, 'Umri Kalan', 38, '0'),
(5205, 'Un', 38, '0'),
(5206, 'Unchahar', 38, '0'),
(5207, 'Unnao', 38, '0'),
(5208, 'Usaihat', 38, '0'),
(5209, 'Usawan', 38, '0'),
(5210, 'Utraula', 38, '0'),
(5211, 'Varanasi', 38, '0'),
(5212, 'Varanasi Cantonment', 38, '0'),
(5213, 'Vijaigarh', 38, '0'),
(5214, 'Vrindavan', 38, '0'),
(5215, 'Wazirganj', 38, '0'),
(5216, 'Zafarabad', 38, '0'),
(5217, 'Zaidpur', 38, '0'),
(5218, 'Zamania', 38, '0'),
(5219, 'Almora', 39, '0'),
(5220, 'Almora Cantonment', 39, '0'),
(5221, 'Badrinathpuri', 39, '0'),
(5222, 'Bageshwar', 39, '0'),
(5223, 'Bah Bazar', 39, '0'),
(5224, 'Banbasa', 39, '0'),
(5225, 'Bandia', 39, '0'),
(5226, 'Barkot', 39, '0'),
(5227, 'Bazpur', 39, '0'),
(5228, 'Bhim Tal', 39, '0'),
(5229, 'Bhowali', 39, '0'),
(5230, 'Chakrata', 39, '0'),
(5231, 'Chamba', 39, '0'),
(5232, 'Chamoli and Gopeshwar', 39, '0'),
(5233, 'Champawat', 39, '0'),
(5234, 'Clement Town', 39, '0'),
(5235, 'Dehra Dun Cantonment', 39, '0'),
(5236, 'Dehradun', 39, '0'),
(5237, 'Dehrakhas', 39, '0'),
(5238, 'Devaprayag', 39, '0'),
(5239, 'Dhaluwala', 39, '0'),
(5240, 'Dhandera', 39, '0'),
(5241, 'Dharchula', 39, '0'),
(5242, 'Dharchula Dehat', 39, '0'),
(5243, 'Didihat', 39, '0'),
(5244, 'Dineshpur', 39, '0'),
(5245, 'Doiwala', 39, '0'),
(5246, 'Dugadda', 39, '0'),
(5247, 'Dwarahat', 39, '0'),
(5248, 'Gadarpur', 39, '0'),
(5249, 'Gangotri', 39, '0'),
(5250, 'Gauchar', 39, '0'),
(5251, 'Haldwani', 39, '0'),
(5252, 'Haridwar', 39, '0'),
(5253, 'Herbertpur', 39, '0'),
(5254, 'Jaspur', 39, '0'),
(5255, 'Jhabrera', 39, '0'),
(5256, 'Joshimath', 39, '0'),
(5257, 'Kachnal Gosain', 39, '0'),
(5258, 'Kaladungi', 39, '0'),
(5259, 'Kalagarh', 39, '0'),
(5260, 'Karnaprayang', 39, '0'),
(5261, 'Kashipur', 39, '0'),
(5262, 'Kashirampur', 39, '0'),
(5263, 'Kausani', 39, '0'),
(5264, 'Kedarnath', 39, '0'),
(5265, 'Kelakhera', 39, '0'),
(5266, 'Khatima', 39, '0'),
(5267, 'Kichha', 39, '0'),
(5268, 'Kirtinagar', 39, '0'),
(5269, 'Kotdwara', 39, '0'),
(5270, 'Laksar', 39, '0'),
(5271, 'Lalkuan', 39, '0'),
(5272, 'Landaura', 39, '0'),
(5273, 'Landhaura Cantonment', 39, '0'),
(5274, 'Lensdaun', 39, '0'),
(5275, 'Logahat', 39, '0'),
(5276, 'Mahua Dabra Haripura', 39, '0'),
(5277, 'Mahua Kheraganj', 39, '0'),
(5278, 'Manglaur', 39, '0'),
(5279, 'Masuri', 39, '0'),
(5280, 'Mohanpur Mohammadpur', 39, '0'),
(5281, 'Muni Ki Reti', 39, '0'),
(5282, 'Nagla', 39, '0'),
(5283, 'Nainital', 39, '0'),
(5284, 'Nainital Cantonment', 39, '0'),
(5285, 'Nandaprayang', 39, '0'),
(5286, 'Narendranagar', 39, '0'),
(5287, 'Pauri', 39, '0'),
(5288, 'Pithoragarh', 39, '0'),
(5289, 'Pratitnagar', 39, '0'),
(5290, 'Raipur', 39, '0'),
(5291, 'Raiwala', 39, '0'),
(5292, 'Ramnagar', 39, '0'),
(5293, 'Ranikhet', 39, '0'),
(5294, 'Ranipur', 39, '0'),
(5295, 'Rishikesh', 39, '0'),
(5296, 'Rishikesh Cantonment', 39, '0'),
(5297, 'Roorkee', 39, '0'),
(5298, 'Rudraprayag', 39, '0'),
(5299, 'Rudrapur', 39, '0'),
(5300, 'Rurki', 39, '0'),
(5301, 'Rurki Cantonment', 39, '0'),
(5302, 'Shaktigarh', 39, '0'),
(5303, 'Sitarganj', 39, '0'),
(5304, 'Srinagar', 39, '0'),
(5305, 'Sultanpur', 39, '0'),
(5306, 'Tanakpur', 39, '0'),
(5307, 'Tehri', 39, '0'),
(5308, 'Udham Singh Nagar', 39, '0'),
(5309, 'Uttarkashi', 39, '0'),
(5310, 'Vikasnagar', 39, '0'),
(5311, 'Virbhadra', 39, '0'),
(5312, '24 Parganas (n)', 41, '0'),
(5313, '24 Parganas (s)', 41, '0'),
(5314, 'Adra', 41, '0'),
(5315, 'Ahmadpur', 41, '0'),
(5316, 'Aiho', 41, '0'),
(5317, 'Aistala', 41, '0'),
(5318, 'Alipur Duar', 41, '0'),
(5319, 'Alipur Duar Railway Junction', 41, '0'),
(5320, 'Alpur', 41, '0'),
(5321, 'Amalhara', 41, '0'),
(5322, 'Amkula', 41, '0'),
(5323, 'Amlagora', 41, '0'),
(5324, 'Amodghata', 41, '0'),
(5325, 'Amtala', 41, '0'),
(5326, 'Andul', 41, '0'),
(5327, 'Anksa', 41, '0'),
(5328, 'Ankurhati', 41, '0'),
(5329, 'Anup Nagar', 41, '0'),
(5330, 'Arambagh', 41, '0'),
(5331, 'Argari', 41, '0'),
(5332, 'Arsha', 41, '0'),
(5333, 'Asansol', 41, '0'),
(5334, 'Ashoknagar Kalyangarh', 41, '0'),
(5335, 'Aurangabad', 41, '0'),
(5336, 'Bablari Dewanganj', 41, '0'),
(5337, 'Badhagachhi', 41, '0'),
(5338, 'Baduria', 41, '0'),
(5339, 'Baghdogra', 41, '0'),
(5340, 'Bagnan', 41, '0'),
(5341, 'Bagra', 41, '0'),
(5342, 'Bagula', 41, '0'),
(5343, 'Baharampur', 41, '0'),
(5344, 'Bahirgram', 41, '0'),
(5345, 'Bahula', 41, '0'),
(5346, 'Baidyabati', 41, '0'),
(5347, 'Bairatisal', 41, '0'),
(5348, 'Baj Baj', 41, '0'),
(5349, 'Bakreswar', 41, '0'),
(5350, 'Balaram Pota', 41, '0'),
(5351, 'Balarampur', 41, '0'),
(5352, 'Bali Chak', 41, '0'),
(5353, 'Ballavpur', 41, '0'),
(5354, 'Bally', 41, '0'),
(5355, 'Balurghat', 41, '0'),
(5356, 'Bamunari', 41, '0'),
(5357, 'Banarhat Tea Garden', 41, '0'),
(5358, 'Bandel', 41, '0'),
(5359, 'Bangaon', 41, '0'),
(5360, 'Bankra', 41, '0'),
(5361, 'Bankura', 41, '0'),
(5362, 'Bansbaria', 41, '0'),
(5363, 'Banshra', 41, '0'),
(5364, 'Banupur', 41, '0'),
(5365, 'Bara Bamonia', 41, '0'),
(5366, 'Barakpur', 41, '0'),
(5367, 'Barakpur Cantonment', 41, '0'),
(5368, 'Baranagar', 41, '0'),
(5369, 'Barasat', 41, '0'),
(5370, 'Barddhaman', 41, '0'),
(5371, 'Barijhati', 41, '0'),
(5372, 'Barjora', 41, '0'),
(5373, 'Barrackpore', 41, '0'),
(5374, 'Baruihuda', 41, '0'),
(5375, 'Baruipur', 41, '0'),
(5376, 'Barunda', 41, '0'),
(5377, 'Basirhat', 41, '0'),
(5378, 'Baska', 41, '0'),
(5379, 'Begampur', 41, '0'),
(5380, 'Beldanga', 41, '0'),
(5381, 'Beldubi', 41, '0'),
(5382, 'Belebathan', 41, '0'),
(5383, 'Beliator', 41, '0'),
(5384, 'Bhadreswar', 41, '0'),
(5385, 'Bhandardaha', 41, '0'),
(5386, 'Bhangar Raghunathpur', 41, '0'),
(5387, 'Bhangri Pratham Khanda', 41, '0'),
(5388, 'Bhanowara', 41, '0'),
(5389, 'Bhatpara', 41, '0'),
(5390, 'Bholar Dabri', 41, '0'),
(5391, 'Bidhannagar', 41, '0'),
(5392, 'Bidyadharpur', 41, '0'),
(5393, 'Biki Hakola', 41, '0'),
(5394, 'Bilandapur', 41, '0'),
(5395, 'Bilpahari', 41, '0'),
(5396, 'Bipra Noapara', 41, '0'),
(5397, 'Birlapur', 41, '0'),
(5398, 'Birnagar', 41, '0'),
(5399, 'Bisarpara', 41, '0'),
(5400, 'Bishnupur', 41, '0'),
(5401, 'Bolpur', 41, '0'),
(5402, 'Bongaon', 41, '0'),
(5403, 'Bowali', 41, '0'),
(5404, 'Burdwan', 41, '0'),
(5405, 'Canning', 41, '0'),
(5406, 'Cart Road', 41, '0'),
(5407, 'Chachanda', 41, '0'),
(5408, 'Chak Bankola', 41, '0'),
(5409, 'Chak Enayetnagar', 41, '0'),
(5410, 'Chak Kashipur', 41, '0'),
(5411, 'Chakalampur', 41, '0'),
(5412, 'Chakbansberia', 41, '0'),
(5413, 'Chakdaha', 41, '0'),
(5414, 'Chakpara', 41, '0'),
(5415, 'Champahati', 41, '0'),
(5416, 'Champdani', 41, '0'),
(5417, 'Chamrail', 41, '0'),
(5418, 'Chandannagar', 41, '0'),
(5419, 'Chandpur', 41, '0'),
(5420, 'Chandrakona', 41, '0'),
(5421, 'Chapari', 41, '0'),
(5422, 'Chapui', 41, '0'),
(5423, 'Char Brahmanagar', 41, '0'),
(5424, 'Char Maijdia', 41, '0'),
(5425, 'Charka', 41, '0'),
(5426, 'Chata Kalikapur', 41, '0'),
(5427, 'Chauhati', 41, '0'),
(5428, 'Checha Khata', 41, '0'),
(5429, 'Chelad', 41, '0'),
(5430, 'Chhora', 41, '0'),
(5431, 'Chikrand', 41, '0'),
(5432, 'Chittaranjan', 41, '0'),
(5433, 'Contai', 41, '0'),
(5434, 'Cooch Behar', 41, '0'),
(5435, 'Dainhat', 41, '0'),
(5436, 'Dakshin Baguan', 41, '0'),
(5437, 'Dakshin Jhapardaha', 41, '0'),
(5438, 'Dakshin Rajyadharpur', 41, '0'),
(5439, 'Dakshin Raypur', 41, '0'),
(5440, 'Dalkola', 41, '0'),
(5441, 'Dalurband', 41, '0'),
(5442, 'Darap Pur', 41, '0'),
(5443, 'Darjiling', 41, '0'),
(5444, 'Daulatpur', 41, '0'),
(5445, 'Debipur', 41, '0'),
(5446, 'Defahat', 41, '0'),
(5447, 'Deora', 41, '0'),
(5448, 'Deulia', 41, '0'),
(5449, 'Dhakuria', 41, '0'),
(5450, 'Dhandadihi', 41, '0'),
(5451, 'Dhanyakuria', 41, '0'),
(5452, 'Dharmapur', 41, '0'),
(5453, 'Dhatri Gram', 41, '0'),
(5454, 'Dhuilya', 41, '0'),
(5455, 'Dhulagari', 41, '0'),
(5456, 'Dhulian', 41, '0'),
(5457, 'Dhupgari', 41, '0'),
(5458, 'Dhusaripara', 41, '0'),
(5459, 'Diamond Harbour', 41, '0'),
(5460, 'Digha', 41, '0'),
(5461, 'Dignala', 41, '0'),
(5462, 'Dinhata', 41, '0'),
(5463, 'Dubrajpur', 41, '0'),
(5464, 'Dumjor', 41, '0'),
(5465, 'Durgapur', 41, '0'),
(5466, 'Durllabhganj', 41, '0'),
(5467, 'Egra', 41, '0');
INSERT INTO `cities` (`id`, `name`, `state_id`, `is_del`) VALUES
(5468, 'Eksara', 41, '0'),
(5469, 'Falakata', 41, '0'),
(5470, 'Farakka', 41, '0'),
(5471, 'Fatellapur', 41, '0'),
(5472, 'Fort Gloster', 41, '0'),
(5473, 'Gabberia', 41, '0'),
(5474, 'Gadigachha', 41, '0'),
(5475, 'Gairkata', 41, '0'),
(5476, 'Gangarampur', 41, '0'),
(5477, 'Garalgachha', 41, '0'),
(5478, 'Garbeta Amlagora', 41, '0'),
(5479, 'Garhbeta', 41, '0'),
(5480, 'Garshyamnagar', 41, '0'),
(5481, 'Garui', 41, '0'),
(5482, 'Garulia', 41, '0'),
(5483, 'Gayespur', 41, '0'),
(5484, 'Ghatal', 41, '0'),
(5485, 'Ghorsala', 41, '0'),
(5486, 'Goaljan', 41, '0'),
(5487, 'Goasafat', 41, '0'),
(5488, 'Gobardanga', 41, '0'),
(5489, 'Gobindapur', 41, '0'),
(5490, 'Gopalpur', 41, '0'),
(5491, 'Gopinathpur', 41, '0'),
(5492, 'Gora Bazar', 41, '0'),
(5493, 'Guma', 41, '0'),
(5494, 'Gurdaha', 41, '0'),
(5495, 'Guriahati', 41, '0'),
(5496, 'Guskhara', 41, '0'),
(5497, 'Habra', 41, '0'),
(5498, 'Haldia', 41, '0'),
(5499, 'Haldibari', 41, '0'),
(5500, 'Halisahar', 41, '0'),
(5501, 'Haora', 41, '0'),
(5502, 'Harharia Chak', 41, '0'),
(5503, 'Harindanga', 41, '0'),
(5504, 'Haringhata', 41, '0'),
(5505, 'Haripur', 41, '0'),
(5506, 'Harishpur', 41, '0'),
(5507, 'Hatgachha', 41, '0'),
(5508, 'Hatsimla', 41, '0'),
(5509, 'Hijuli', 41, '0'),
(5510, 'Hindustan Cables Town', 41, '0'),
(5511, 'Hooghly', 41, '0'),
(5512, 'Howrah', 41, '0'),
(5513, 'Hugli-Chunchura', 41, '0'),
(5514, 'Humaipur', 41, '0'),
(5515, 'Ichha Pur Defence Estate', 41, '0'),
(5516, 'Ingraj Bazar', 41, '0'),
(5517, 'Islampur', 41, '0'),
(5518, 'Jafarpur', 41, '0'),
(5519, 'Jagadanandapur', 41, '0'),
(5520, 'Jagdishpur', 41, '0'),
(5521, 'Jagtaj', 41, '0'),
(5522, 'Jala Kendua', 41, '0'),
(5523, 'Jaldhaka', 41, '0'),
(5524, 'Jalkhura', 41, '0'),
(5525, 'Jalpaiguri', 41, '0'),
(5526, 'Jamuria', 41, '0'),
(5527, 'Jangipur', 41, '0'),
(5528, 'Jaygaon', 41, '0'),
(5529, 'Jaynagar-Majilpur', 41, '0'),
(5530, 'Jemari', 41, '0'),
(5531, 'Jemari Township', 41, '0'),
(5532, 'Jetia', 41, '0'),
(5533, 'Jhalida', 41, '0'),
(5534, 'Jhargram', 41, '0'),
(5535, 'Jhorhat', 41, '0'),
(5536, 'Jiaganj-Azimganj', 41, '0'),
(5537, 'Joka', 41, '0'),
(5538, 'Jot Kamal', 41, '0'),
(5539, 'Kachu Pukur', 41, '0'),
(5540, 'Kajora', 41, '0'),
(5541, 'Kakdihi', 41, '0'),
(5542, 'Kakdwip', 41, '0'),
(5543, 'Kalaikunda', 41, '0'),
(5544, 'Kalara', 41, '0'),
(5545, 'Kalimpong', 41, '0'),
(5546, 'Kaliyaganj', 41, '0'),
(5547, 'Kalna', 41, '0'),
(5548, 'Kalyani', 41, '0'),
(5549, 'Kamarhati', 41, '0'),
(5550, 'Kanaipur', 41, '0'),
(5551, 'Kanchrapara', 41, '0'),
(5552, 'Kandi', 41, '0'),
(5553, 'Kanki', 41, '0'),
(5554, 'Kankuria', 41, '0'),
(5555, 'Kantlia', 41, '0'),
(5556, 'Kanyanagar', 41, '0'),
(5557, 'Karimpur', 41, '0'),
(5558, 'Karsiyang', 41, '0'),
(5559, 'Kasba', 41, '0'),
(5560, 'Kasimbazar', 41, '0'),
(5561, 'Katwa', 41, '0'),
(5562, 'Kaugachhi', 41, '0'),
(5563, 'Kenda', 41, '0'),
(5564, 'Kendra Khottamdi', 41, '0'),
(5565, 'Kendua', 41, '0'),
(5566, 'Kesabpur', 41, '0'),
(5567, 'Khagrabari', 41, '0'),
(5568, 'Khalia', 41, '0'),
(5569, 'Khalor', 41, '0'),
(5570, 'Khandra', 41, '0'),
(5571, 'Khantora', 41, '0'),
(5572, 'Kharagpur', 41, '0'),
(5573, 'Kharagpur Railway Settlement', 41, '0'),
(5574, 'Kharar', 41, '0'),
(5575, 'Khardaha', 41, '0'),
(5576, 'Khari Mala Khagrabari', 41, '0'),
(5577, 'Kharsarai', 41, '0'),
(5578, 'Khatra', 41, '0'),
(5579, 'Khodarampur', 41, '0'),
(5580, 'Kodalia', 41, '0'),
(5581, 'Kolaghat', 41, '0'),
(5582, 'Kolaghat Thermal Power Project', 41, '0'),
(5583, 'Kolkata', 41, '0'),
(5584, 'Konardihi', 41, '0'),
(5585, 'Konnogar', 41, '0'),
(5586, 'Krishnanagar', 41, '0'),
(5587, 'Krishnapur', 41, '0'),
(5588, 'Kshidirpur', 41, '0'),
(5589, 'Kshirpai', 41, '0'),
(5590, 'Kulihanda', 41, '0'),
(5591, 'Kulti', 41, '0'),
(5592, 'Kunustara', 41, '0'),
(5593, 'Kuperskem', 41, '0'),
(5594, 'Madanpur', 41, '0'),
(5595, 'Madhusudanpur', 41, '0'),
(5596, 'Madhyamgram', 41, '0'),
(5597, 'Maheshtala', 41, '0'),
(5598, 'Mahiari', 41, '0'),
(5599, 'Mahikpur', 41, '0'),
(5600, 'Mahira', 41, '0'),
(5601, 'Mahishadal', 41, '0'),
(5602, 'Mainaguri', 41, '0'),
(5603, 'Makardaha', 41, '0'),
(5604, 'Mal', 41, '0'),
(5605, 'Malda', 41, '0'),
(5606, 'Mandarbani', 41, '0'),
(5607, 'Mansinhapur', 41, '0'),
(5608, 'Masila', 41, '0'),
(5609, 'Maslandapur', 41, '0'),
(5610, 'Mathabhanga', 41, '0'),
(5611, 'Mekliganj', 41, '0'),
(5612, 'Memari', 41, '0'),
(5613, 'Midnapur', 41, '0'),
(5614, 'Mirik', 41, '0'),
(5615, 'Monoharpur', 41, '0'),
(5616, 'Mrigala', 41, '0'),
(5617, 'Muragachha', 41, '0'),
(5618, 'Murgathaul', 41, '0'),
(5619, 'Murshidabad', 41, '0'),
(5620, 'Nabadhai Dutta Pukur', 41, '0'),
(5621, 'Nabagram', 41, '0'),
(5622, 'Nabgram', 41, '0'),
(5623, 'Nachhratpur Katabari', 41, '0'),
(5624, 'Nadia', 41, '0'),
(5625, 'Naihati', 41, '0'),
(5626, 'Nalhati', 41, '0'),
(5627, 'Nasra', 41, '0'),
(5628, 'Natibpur', 41, '0'),
(5629, 'Naupala', 41, '0'),
(5630, 'Navadwip', 41, '0'),
(5631, 'Nebadhai Duttapukur', 41, '0'),
(5632, 'New Barrackpore', 41, '0'),
(5633, 'Ni Barakpur', 41, '0'),
(5634, 'Nibra', 41, '0'),
(5635, 'Noapara', 41, '0'),
(5636, 'Nokpul', 41, '0'),
(5637, 'North Barakpur', 41, '0'),
(5638, 'Odlabari', 41, '0'),
(5639, 'Old Maldah', 41, '0'),
(5640, 'Ondal', 41, '0'),
(5641, 'Pairagachha', 41, '0'),
(5642, 'Palashban', 41, '0'),
(5643, 'Panchla', 41, '0'),
(5644, 'Panchpara', 41, '0'),
(5645, 'Pandua', 41, '0'),
(5646, 'Pangachhiya', 41, '0'),
(5647, 'Paniara', 41, '0'),
(5648, 'Panihati', 41, '0'),
(5649, 'Panuhat', 41, '0'),
(5650, 'Par Beliya', 41, '0'),
(5651, 'Parashkol', 41, '0'),
(5652, 'Parasia', 41, '0'),
(5653, 'Parbbatipur', 41, '0'),
(5654, 'Parui', 41, '0'),
(5655, 'Paschim Jitpur', 41, '0'),
(5656, 'Paschim Punro Para', 41, '0'),
(5657, 'Patrasaer', 41, '0'),
(5658, 'Pattabong Tea Garden', 41, '0'),
(5659, 'Patuli', 41, '0'),
(5660, 'Patulia', 41, '0'),
(5661, 'Phulia', 41, '0'),
(5662, 'Podara', 41, '0'),
(5663, 'Port Blair', 41, '0'),
(5664, 'Prayagpur', 41, '0'),
(5665, 'Pujali', 41, '0'),
(5666, 'Purba Medinipur', 41, '0'),
(5667, 'Purba Tajpur', 41, '0'),
(5668, 'Purulia', 41, '0'),
(5669, 'Raghudebbati', 41, '0'),
(5670, 'Raghudebpur', 41, '0'),
(5671, 'Raghunathchak', 41, '0'),
(5672, 'Raghunathpur', 41, '0'),
(5673, 'Raghunathpur-Dankuni', 41, '0'),
(5674, 'Raghunathpur-Magra', 41, '0'),
(5675, 'Raigachhi', 41, '0'),
(5676, 'Raiganj', 41, '0'),
(5677, 'Raipur', 41, '0'),
(5678, 'Rajarhat Gopalpur', 41, '0'),
(5679, 'Rajpur', 41, '0'),
(5680, 'Ramchandrapur', 41, '0'),
(5681, 'Ramjibanpur', 41, '0'),
(5682, 'Ramnagar', 41, '0'),
(5683, 'Rampur Hat', 41, '0'),
(5684, 'Ranaghat', 41, '0'),
(5685, 'Raniganj', 41, '0'),
(5686, 'Ratibati', 41, '0'),
(5687, 'Raypur', 41, '0'),
(5688, 'Rishra', 41, '0'),
(5689, 'Rishra Cantonment', 41, '0'),
(5690, 'Ruiya', 41, '0'),
(5691, 'Sahajadpur', 41, '0'),
(5692, 'Sahapur', 41, '0'),
(5693, 'Sainthia', 41, '0'),
(5694, 'Salap', 41, '0'),
(5695, 'Sankarpur', 41, '0'),
(5696, 'Sankrail', 41, '0'),
(5697, 'Santoshpur', 41, '0'),
(5698, 'Saontaidih', 41, '0'),
(5699, 'Sarenga', 41, '0'),
(5700, 'Sarpi', 41, '0'),
(5701, 'Satigachha', 41, '0'),
(5702, 'Serpur', 41, '0'),
(5703, 'Shankhanagar', 41, '0'),
(5704, 'Shantipur', 41, '0'),
(5705, 'Shrirampur', 41, '0'),
(5706, 'Siduli', 41, '0'),
(5707, 'Siliguri', 41, '0'),
(5708, 'Simla', 41, '0'),
(5709, 'Singur', 41, '0'),
(5710, 'Sirsha', 41, '0'),
(5711, 'Siuri', 41, '0'),
(5712, 'Sobhaganj', 41, '0'),
(5713, 'Sodpur', 41, '0'),
(5714, 'Sonamukhi', 41, '0'),
(5715, 'Sonatikiri', 41, '0'),
(5716, 'Srikantabati', 41, '0'),
(5717, 'Srirampur', 41, '0'),
(5718, 'Sukdal', 41, '0'),
(5719, 'Taherpur', 41, '0'),
(5720, 'Taki', 41, '0'),
(5721, 'Talbandha', 41, '0'),
(5722, 'Tamluk', 41, '0'),
(5723, 'Tarakeswar', 41, '0'),
(5724, 'Tentulberia', 41, '0'),
(5725, 'Tentulkuli', 41, '0'),
(5726, 'Thermal Power Project', 41, '0'),
(5727, 'Tinsukia', 41, '0'),
(5728, 'Titagarh', 41, '0'),
(5729, 'Tufanganj', 41, '0'),
(5730, 'Ukhra', 41, '0'),
(5731, 'Ula', 41, '0'),
(5732, 'Ulubaria', 41, '0'),
(5733, 'Uttar Durgapur', 41, '0'),
(5734, 'Uttar Goara', 41, '0'),
(5735, 'Uttar Kalas', 41, '0'),
(5736, 'Uttar Kamakhyaguri', 41, '0'),
(5737, 'Uttar Latabari', 41, '0'),
(5738, 'Uttar Mahammadpur', 41, '0'),
(5739, 'Uttar Pirpur', 41, '0'),
(5740, 'Uttar Raypur', 41, '0'),
(5741, 'Uttarpara-Kotrung', 41, '0'),
(5909, 'Eshkashem', 42, '0'),
(5910, 'Fayzabad', 42, '0'),
(5911, 'Jurm', 42, '0'),
(5912, 'Khandud', 42, '0'),
(5913, 'Qal\'eh-ye Panjeh', 42, '0');

-- --------------------------------------------------------

--
-- Table structure for table `countries`
--

CREATE TABLE `countries` (
  `id` int(11) NOT NULL,
  `sortname` varchar(3) NOT NULL,
  `name` varchar(150) NOT NULL,
  `phonecode` int(11) NOT NULL
) ENGINE=InnoDB DEFAULT CHARSET=utf8;

--
-- Dumping data for table `countries`
--

INSERT INTO `countries` (`id`, `sortname`, `name`, `phonecode`) VALUES
(1, 'AF', 'Afghanistan', 93),
(2, 'AL', 'Albania', 355),
(3, 'DZ', 'Algeria', 213),
(4, 'AS', 'American Samoa', 1684),
(5, 'AD', 'Andorra', 376),
(6, 'AO', 'Angola', 244),
(7, 'AI', 'Anguilla', 1264),
(8, 'AQ', 'Antarctica', 0),
(9, 'AG', 'Antigua And Barbuda', 1268),
(10, 'AR', 'Argentina', 54),
(11, 'AM', 'Armenia', 374),
(12, 'AW', 'Aruba', 297),
(13, 'AU', 'Australia', 61),
(14, 'AT', 'Austria', 43),
(15, 'AZ', 'Azerbaijan', 994),
(16, 'BS', 'Bahamas The', 1242),
(17, 'BH', 'Bahrain', 973),
(18, 'BD', 'Bangladesh', 880),
(19, 'BB', 'Barbados', 1246),
(20, 'BY', 'Belarus', 375),
(21, 'BE', 'Belgium', 32),
(22, 'BZ', 'Belize', 501),
(23, 'BJ', 'Benin', 229),
(24, 'BM', 'Bermuda', 1441),
(25, 'BT', 'Bhutan', 975),
(26, 'BO', 'Bolivia', 591),
(27, 'BA', 'Bosnia and Herzegovina', 387),
(28, 'BW', 'Botswana', 267),
(29, 'BV', 'Bouvet Island', 0),
(30, 'BR', 'Brazil', 55),
(31, 'IO', 'British Indian Ocean Territory', 246),
(32, 'BN', 'Brunei', 673),
(33, 'BG', 'Bulgaria', 359),
(34, 'BF', 'Burkina Faso', 226),
(35, 'BI', 'Burundi', 257),
(36, 'KH', 'Cambodia', 855),
(37, 'CM', 'Cameroon', 237),
(38, 'CA', 'Canada', 1),
(39, 'CV', 'Cape Verde', 238),
(40, 'KY', 'Cayman Islands', 1345),
(41, 'CF', 'Central African Republic', 236),
(42, 'TD', 'Chad', 235),
(43, 'CL', 'Chile', 56),
(44, 'CN', 'China', 86),
(45, 'CX', 'Christmas Island', 61),
(46, 'CC', 'Cocos (Keeling) Islands', 672),
(47, 'CO', 'Colombia', 57),
(48, 'KM', 'Comoros', 269),
(49, 'CG', 'Republic Of The Congo', 242),
(50, 'CD', 'Democratic Republic Of The Congo', 242),
(51, 'CK', 'Cook Islands', 682),
(52, 'CR', 'Costa Rica', 506),
(53, 'CI', 'Cote D\'Ivoire (Ivory Coast)', 225),
(54, 'HR', 'Croatia (Hrvatska)', 385),
(55, 'CU', 'Cuba', 53),
(56, 'CY', 'Cyprus', 357),
(57, 'CZ', 'Czech Republic', 420),
(58, 'DK', 'Denmark', 45),
(59, 'DJ', 'Djibouti', 253),
(60, 'DM', 'Dominica', 1767),
(61, 'DO', 'Dominican Republic', 1809),
(62, 'TP', 'East Timor', 670),
(63, 'EC', 'Ecuador', 593),
(64, 'EG', 'Egypt', 20),
(65, 'SV', 'El Salvador', 503),
(66, 'GQ', 'Equatorial Guinea', 240),
(67, 'ER', 'Eritrea', 291),
(68, 'EE', 'Estonia', 372),
(69, 'ET', 'Ethiopia', 251),
(70, 'XA', 'External Territories of Australia', 61),
(71, 'FK', 'Falkland Islands', 500),
(72, 'FO', 'Faroe Islands', 298),
(73, 'FJ', 'Fiji Islands', 679),
(74, 'FI', 'Finland', 358),
(75, 'FR', 'France', 33),
(76, 'GF', 'French Guiana', 594),
(77, 'PF', 'French Polynesia', 689),
(78, 'TF', 'French Southern Territories', 0),
(79, 'GA', 'Gabon', 241),
(80, 'GM', 'Gambia The', 220),
(81, 'GE', 'Georgia', 995),
(82, 'DE', 'Germany', 49),
(83, 'GH', 'Ghana', 233),
(84, 'GI', 'Gibraltar', 350),
(85, 'GR', 'Greece', 30),
(86, 'GL', 'Greenland', 299),
(87, 'GD', 'Grenada', 1473),
(88, 'GP', 'Guadeloupe', 590),
(89, 'GU', 'Guam', 1671),
(90, 'GT', 'Guatemala', 502),
(91, 'XU', 'Guernsey and Alderney', 44),
(92, 'GN', 'Guinea', 224),
(93, 'GW', 'Guinea-Bissau', 245),
(94, 'GY', 'Guyana', 592),
(95, 'HT', 'Haiti', 509),
(96, 'HM', 'Heard and McDonald Islands', 0),
(97, 'HN', 'Honduras', 504),
(98, 'HK', 'Hong Kong S.A.R.', 852),
(99, 'HU', 'Hungary', 36),
(100, 'IS', 'Iceland', 354),
(101, 'IN', 'India', 91),
(102, 'ID', 'Indonesia', 62),
(103, 'IR', 'Iran', 98),
(104, 'IQ', 'Iraq', 964),
(105, 'IE', 'Ireland', 353),
(106, 'IL', 'Israel', 972),
(107, 'IT', 'Italy', 39),
(108, 'JM', 'Jamaica', 1876),
(109, 'JP', 'Japan', 81),
(110, 'XJ', 'Jersey', 44),
(111, 'JO', 'Jordan', 962),
(112, 'KZ', 'Kazakhstan', 7),
(113, 'KE', 'Kenya', 254),
(114, 'KI', 'Kiribati', 686),
(115, 'KP', 'Korea North', 850),
(116, 'KR', 'Korea South', 82),
(117, 'KW', 'Kuwait', 965),
(118, 'KG', 'Kyrgyzstan', 996),
(119, 'LA', 'Laos', 856),
(120, 'LV', 'Latvia', 371),
(121, 'LB', 'Lebanon', 961),
(122, 'LS', 'Lesotho', 266),
(123, 'LR', 'Liberia', 231),
(124, 'LY', 'Libya', 218),
(125, 'LI', 'Liechtenstein', 423),
(126, 'LT', 'Lithuania', 370),
(127, 'LU', 'Luxembourg', 352),
(128, 'MO', 'Macau S.A.R.', 853),
(129, 'MK', 'Macedonia', 389),
(130, 'MG', 'Madagascar', 261),
(131, 'MW', 'Malawi', 265),
(132, 'MY', 'Malaysia', 60),
(133, 'MV', 'Maldives', 960),
(134, 'ML', 'Mali', 223),
(135, 'MT', 'Malta', 356),
(136, 'XM', 'Man (Isle of)', 44),
(137, 'MH', 'Marshall Islands', 692),
(138, 'MQ', 'Martinique', 596),
(139, 'MR', 'Mauritania', 222),
(140, 'MU', 'Mauritius', 230),
(141, 'YT', 'Mayotte', 269),
(142, 'MX', 'Mexico', 52),
(143, 'FM', 'Micronesia', 691),
(144, 'MD', 'Moldova', 373),
(145, 'MC', 'Monaco', 377),
(146, 'MN', 'Mongolia', 976),
(147, 'MS', 'Montserrat', 1664),
(148, 'MA', 'Morocco', 212),
(149, 'MZ', 'Mozambique', 258),
(150, 'MM', 'Myanmar', 95),
(151, 'NA', 'Namibia', 264),
(152, 'NR', 'Nauru', 674),
(153, 'NP', 'Nepal', 977),
(154, 'AN', 'Netherlands Antilles', 599),
(155, 'NL', 'Netherlands The', 31),
(156, 'NC', 'New Caledonia', 687),
(157, 'NZ', 'New Zealand', 64),
(158, 'NI', 'Nicaragua', 505),
(159, 'NE', 'Niger', 227),
(160, 'NG', 'Nigeria', 234),
(161, 'NU', 'Niue', 683),
(162, 'NF', 'Norfolk Island', 672),
(163, 'MP', 'Northern Mariana Islands', 1670),
(164, 'NO', 'Norway', 47),
(165, 'OM', 'Oman', 968),
(166, 'PK', 'Pakistan', 92),
(167, 'PW', 'Palau', 680),
(168, 'PS', 'Palestinian Territory Occupied', 970),
(169, 'PA', 'Panama', 507),
(170, 'PG', 'Papua new Guinea', 675),
(171, 'PY', 'Paraguay', 595),
(172, 'PE', 'Peru', 51),
(173, 'PH', 'Philippines', 63),
(174, 'PN', 'Pitcairn Island', 0),
(175, 'PL', 'Poland', 48),
(176, 'PT', 'Portugal', 351),
(177, 'PR', 'Puerto Rico', 1787),
(178, 'QA', 'Qatar', 974),
(179, 'RE', 'Reunion', 262),
(180, 'RO', 'Romania', 40),
(181, 'RU', 'Russia', 70),
(182, 'RW', 'Rwanda', 250),
(183, 'SH', 'Saint Helena', 290),
(184, 'KN', 'Saint Kitts And Nevis', 1869),
(185, 'LC', 'Saint Lucia', 1758),
(186, 'PM', 'Saint Pierre and Miquelon', 508),
(187, 'VC', 'Saint Vincent And The Grenadines', 1784),
(188, 'WS', 'Samoa', 684),
(189, 'SM', 'San Marino', 378),
(190, 'ST', 'Sao Tome and Principe', 239),
(191, 'SA', 'Saudi Arabia', 966),
(192, 'SN', 'Senegal', 221),
(193, 'RS', 'Serbia', 381),
(194, 'SC', 'Seychelles', 248),
(195, 'SL', 'Sierra Leone', 232),
(196, 'SG', 'Singapore', 65),
(197, 'SK', 'Slovakia', 421),
(198, 'SI', 'Slovenia', 386),
(199, 'XG', 'Smaller Territories of the UK', 44),
(200, 'SB', 'Solomon Islands', 677),
(201, 'SO', 'Somalia', 252),
(202, 'ZA', 'South Africa', 27),
(203, 'GS', 'South Georgia', 0),
(204, 'SS', 'South Sudan', 211),
(205, 'ES', 'Spain', 34),
(206, 'LK', 'Sri Lanka', 94),
(207, 'SD', 'Sudan', 249),
(208, 'SR', 'Suriname', 597),
(209, 'SJ', 'Svalbard And Jan Mayen Islands', 47),
(210, 'SZ', 'Swaziland', 268),
(211, 'SE', 'Sweden', 46),
(212, 'CH', 'Switzerland', 41),
(213, 'SY', 'Syria', 963),
(214, 'TW', 'Taiwan', 886),
(215, 'TJ', 'Tajikistan', 992),
(216, 'TZ', 'Tanzania', 255),
(217, 'TH', 'Thailand', 66),
(218, 'TG', 'Togo', 228),
(219, 'TK', 'Tokelau', 690),
(220, 'TO', 'Tonga', 676),
(221, 'TT', 'Trinidad And Tobago', 1868),
(222, 'TN', 'Tunisia', 216),
(223, 'TR', 'Turkey', 90),
(224, 'TM', 'Turkmenistan', 7370),
(225, 'TC', 'Turks And Caicos Islands', 1649),
(226, 'TV', 'Tuvalu', 688),
(227, 'UG', 'Uganda', 256),
(228, 'UA', 'Ukraine', 380),
(229, 'AE', 'United Arab Emirates', 971),
(230, 'GB', 'United Kingdom', 44),
(231, 'US', 'United States', 1),
(232, 'UM', 'United States Minor Outlying Islands', 1),
(233, 'UY', 'Uruguay', 598),
(234, 'UZ', 'Uzbekistan', 998),
(235, 'VU', 'Vanuatu', 678),
(236, 'VA', 'Vatican City State (Holy See)', 39),
(237, 'VE', 'Venezuela', 58),
(238, 'VN', 'Vietnam', 84),
(239, 'VG', 'Virgin Islands (British)', 1284),
(240, 'VI', 'Virgin Islands (US)', 1340),
(241, 'WF', 'Wallis And Futuna Islands', 681),
(242, 'EH', 'Western Sahara', 212),
(243, 'YE', 'Yemen', 967),
(244, 'YU', 'Yugoslavia', 38),
(245, 'ZM', 'Zambia', 260),
(246, 'ZW', 'Zimbabwe', 263);

-- --------------------------------------------------------

--
-- Table structure for table `states`
--

CREATE TABLE `states` (
  `id` int(11) NOT NULL,
  `name` varchar(30) NOT NULL,
  `country_id` int(11) NOT NULL DEFAULT '1',
  `code` varchar(10) NOT NULL,
  `is_del` enum('0','1') NOT NULL
) ENGINE=InnoDB DEFAULT CHARSET=latin1;

--
-- Dumping data for table `states`
--

INSERT INTO `states` (`id`, `name`, `country_id`, `code`, `is_del`) VALUES
(1, 'Andaman and Nicobar Islands', 101, 'AN', '0'),
(2, 'Andhra Pradesh', 101, 'AP', '0'),
(3, 'Arunachal Pradesh', 101, 'AR', '0'),
(4, 'Assam', 101, 'AS', '0'),
(5, 'Bihar', 101, 'BR', '0'),
(6, 'Chandigarh', 101, 'CH', '0'),
(7, 'Chhattisgarh', 101, 'CG', '0'),
(8, 'Dadra and Nagar Haveli', 101, 'DH', '0'),
(9, 'Daman and Diu', 101, 'DD', '0'),
(10, 'Delhi', 101, 'DL', '0'),
(11, 'Goa', 101, 'GA', '0'),
(12, 'Gujarat', 101, 'GJ', '0'),
(13, 'Haryana', 101, 'HR', '0'),
(14, 'Himachal Pradesh', 101, 'HP', '0'),
(15, 'Jammu and Kashmir', 101, 'JK', '0'),
(16, 'Jharkhand', 101, 'JH', '0'),
(17, 'Karnataka', 101, 'KA', '0'),
(18, 'Kenmore', 101, '', '0'),
(19, 'Kerala', 101, 'KL', '0'),
(20, 'Lakshadweep', 101, 'LD', '0'),
(21, 'Madhya Pradesh', 101, 'MP', '0'),
(22, 'Maharashtra', 101, 'MH', '0'),
(23, 'Manipur', 101, 'MN', '0'),
(24, 'Meghalaya', 101, 'ML', '0'),
(25, 'Mizoram', 101, 'MZ', '0'),
(26, 'Nagaland', 101, 'NL', '0'),
(27, 'Narora', 101, '', '0'),
(28, 'Natwar', 101, '', '0'),
(29, 'Odisha', 101, 'OR', '0'),
(30, 'Paschim Medinipur', 101, '', '0'),
(31, 'Pondicherry', 101, 'PY', '0'),
(32, 'Punjab', 101, 'PB', '0'),
(33, 'Rajasthan', 101, 'RJ', '0'),
(34, 'Sikkim', 101, 'SK', '0'),
(35, 'Tamil Nadu', 101, 'TN', '0'),
(36, 'Telangana', 101, 'TL', '0'),
(37, 'Tripura', 101, 'TR', '0'),
(38, 'Uttar Pradesh', 101, 'UP', '0'),
(39, 'Uttarakhand', 101, 'UK', '0'),
(40, 'Vaishali', 101, '', '0'),
(41, 'West Bengal', 101, 'WB', '0'),
(42, 'ABC', 101, '45', '1');

-- --------------------------------------------------------

--
-- Table structure for table `tbl_city`
--

CREATE TABLE `tbl_city` (
  `city_id` int(11) NOT NULL,
  `state_id` int(11) NOT NULL,
  `city_name` int(11) NOT NULL
) ENGINE=InnoDB DEFAULT CHARSET=latin1;

-- --------------------------------------------------------

--
-- Table structure for table `tbl_class`
--

CREATE TABLE `tbl_class` (
  `class_id` bigint(20) UNSIGNED NOT NULL,
  `parent_id` bigint(20) UNSIGNED DEFAULT NULL,
  `creator_id` bigint(20) UNSIGNED NOT NULL,
  `class_code` varchar(10) NOT NULL,
  `institute_code` varchar(50) NOT NULL,
  `level` int(11) NOT NULL,
  `class_name` varchar(100) NOT NULL,
  `class_desc` varchar(100) DEFAULT NULL,
  `is_folder` enum('0','1') NOT NULL COMMENT '1: Folder'
) ENGINE=InnoDB DEFAULT CHARSET=latin1;

--
-- Dumping data for table `tbl_class`
--

INSERT INTO `tbl_class` (`class_id`, `parent_id`, `creator_id`, `class_code`, `institute_code`, `level`, `class_name`, `class_desc`, `is_folder`) VALUES
(1, 0, 4, '', 'GJ1041_0006', 0, 'History', '', '0'),
(2, 0, 4, '', 'GJ1041_0009', 0, 'ABC', 'sadfkg', '0'),
(3, 0, 4, '', 'GJ1041_0009', 0, 'asasABC', 'sadfkgadsasd', '0'),
(4, 0, 4, '', 'GJ1041_0009', 0, 'dsaf', 'fsfgfsgfg', '0'),
(5, 0, 4, '', 'GJ1041_0009', 0, 'Cool CLass', 'sdasd', '0'),
(6, 0, 4, '', 'GJ1041_0009', 0, 'Cool CLass ha', 'sdasd', '0'),
(7, 0, 4, '', 'GJ1041_0009', 0, 'Kadam', 'asdg', '0'),
(8, 0, 4, '', 'GJ1041_0009', 0, 'MyClass', 'Kohli', '0'),
(9, 0, 4, '', 'GJ1041_0009', 0, 'MyClass', 'Kohli', '0'),
(10, 0, 4, '', 'GJ1041_0009', 0, 'MyClass', 'Kohli', '0'),
(11, 0, 4, '', 'GJ1041_0009', 0, 'MyClass', 'Kohli', '0'),
(12, 0, 4, '', 'GJ1041_0009', 0, 'MyClass', 'Kohli', '0'),
(13, 0, 4, '', 'GJ1041_0009', 0, 'MyClass', 'Kohli', '0'),
(14, 0, 4, '', 'GJ1041_0009', 0, 'MyClass', 'Kohli', '0'),
(15, 0, 4, '', 'GJ1041_0009', 0, 'MyClass', 'Kohli', '0'),
(16, 0, 4, '', 'GJ1041_0009', 0, 'MyClass', 'Kohli', '0'),
(17, 0, 4, '', 'GJ1041_0009', 0, 'vivek\'s', 'lolwa', '0'),
(18, 0, 4, '', 'GJ1041_0009', 0, 'asdfsd', 'rffhgdkscbv', '0'),
(19, 0, 4, '', 'GJ1041_0009', 0, 'Joyy\'s', 'rffhgdkscbv', '0'),
(20, 0, 4, '', 'GJ1041_0009', 0, 'Historyyyyy', 'adfg', '0'),
(21, 0, 4, '', 'GJ1041_0009', 0, 'Vivlo', 'dgfgasdfjh', '0'),
(22, 0, 4, '', 'GJ1041_0009', 0, 'Sandip', 'hahah', '0'),
(23, 0, 4, '', 'GJ1041_0009', 0, 'HahahLOl', 'asjg', '0'),
(24, 0, 4, '', 'GJ1041_0009', 0, 'tyty', 'ashg', '0'),
(25, 0, 4, '', 'GJ1041_0009', 0, 'yayayay', 'hahah', '0'),
(26, 0, 4, '', 'GJ1041_0009', 0, 'Vivekekkeke', 'adgh', '0'),
(27, 0, 4, '', 'GJ1041_0009', 0, 'uau', 'djfgaf', '0'),
(28, 0, 4, '', 'GJ1041_0009', 0, 'cdsdsd', 'dsdsds', '0'),
(29, 0, 4, '', 'GJ1041_0009', 0, 'Science', 'vigyaan', '0'),
(30, 0, 4, '', 'GJ1041_0009', 0, 'Folder', 'folder it is', '0'),
(31, 0, 4, '', 'GJ1041_0009', 0, 'Folder 1', 'one ', '0'),
(32, 0, 4, '', 'GJ1041_0009', 0, 'Folder 1', 'one ', '0'),
(33, 0, 4, '', 'GJ1041_0009', 0, 'f1`', 'dafg', '0'),
(34, 0, 4, '', 'GJ1041_0009', 0, 's', 'a', '0'),
(35, 0, 4, '', 'GJ1041_0009', 0, '4', '5', '0'),
(36, 0, 4, '', 'GJ1041_0009', 0, '78', '45', '0'),
(37, 0, 4, '', 'GJ1041_0009', 0, '78', '45', '0'),
(38, 0, 4, '', 'GJ1041_0009', 0, '78', '45', '0'),
(39, 0, 4, '', 'GJ1041_0009', 0, '78', '45', '0'),
(40, 0, 4, '', 'GJ1041_0009', 0, 'q', 'qw', '0'),
(41, 0, 4, '', 'GJ1041_0009', 0, 'FolderReal', 'safh', '1'),
(42, 0, 4, '', 'GJ1041_0009', 0, 'ClassReal', '454', '0'),
(43, 0, 4, '', 'GJ1041_0009', 0, 'ds', 'sdkfgh', '0'),
(44, 0, 4, '', 'GJ1041_0009', 0, 'ds', 'sdkfgh', '0'),
(45, 0, 4, '', 'GJ1041_0009', 0, 'tf', 'edf', '0'),
(46, 0, 4, '', 'GJ1041_0009', 0, 'g', 'jg', '0'),
(62, 0, 4, '', 'GJ1041_0009', 0, 'ytu', 'ytu', '0'),
(63, 0, 4, '', 'GJ1041_0009', 0, 'dsfd', 'sdf', '0'),
(64, 0, 4, '', 'GJ1041_0009', 0, 'dsfd', 'sdf', '1'),
(65, 0, 4, '', 'GJ1041_0009', 0, 'dsfd', 'sdf', '1'),
(66, 0, 4, '', 'GJ1041_0009', 0, 'sad', 'asdfadf', '0'),
(67, 0, 4, '', 'GJ1041_0009', 0, 'lol', 'ghj', '0'),
(68, 0, 4, '', 'GJ1041_0009', 0, 'oap', 'sdagh', '0'),
(69, 0, 4, '', 'GJ1041_0009', 0, 'uasi', 'sdjh', '0'),
(70, 0, 4, '', 'GJ1041_0009', 0, 'claa', 'aa', '0'),
(71, 0, 4, '', 'GJ1041_0009', 0, 'dvs', 'hshsq', '1'),
(72, 0, 4, '', 'GJ1041_0009', 0, 'dvsclass', 'asddfg', '0'),
(73, 0, 4, '', 'GJ1041_0009', 0, 'v', 'hjj', '0'),
(74, 0, 4, '', 'GJ1041_0009', 0, 'jsagas', 'asd', '1'),
(75, 0, 4, '', 'GJ1041_0009', 0, 'ui', 'ui', '1'),
(76, 0, 4, '', 'GJ1041_0009', 0, 'class12', 'aj', '0'),
(77, 0, 4, '', 'GJ1041_0009', 0, 'folder1', 'f', '1'),
(78, 0, 4, '', 'GJ1041_0009', 0, 'aa', 'aa', '1'),
(79, 1, 4, '', 'GJ1041_0009', 0, 'low', 'sh', '1'),
(80, 41, 4, '', 'GJ1041_0009', 1, 'sadh', 'kdfg', '1'),
(81, 80, 4, '', 'GJ1041_0009', 1, 'in 80', '45', '1'),
(82, 77, 4, '', 'GJ1041_0009', 1, 'Class1', 'jh', '0'),
(83, 64, 4, '', 'GJ1041_0009', 1, 'oao', 'sdg', '1'),
(84, 64, 4, '', 'GJ1041_0009', 1, 'CLass', 'sdg', '0'),
(85, 75, 4, '', 'GJ1041_0009', 1, 'po', 'po', '0'),
(86, 41, 4, '', 'GJ1041_0009', 1, 'ClassReal', 'hah', '0'),
(87, 0, 67, '', 'GJ1041_0009', 0, 'c', 'c', '1'),
(88, 0, 67, '', 'GJ1041_0009', 0, 'hash', 'adb', '1'),
(89, 0, 67, '', 'GJ1041_0009', 0, 'hash', 'adb', '0'),
(90, 87, 67, '', 'GJ1041_0009', 1, 'f87', 'asg', '1'),
(91, 87, 67, '', 'GJ1041_0009', 1, 'f1_87', 'asd', '1'),
(92, 88, 67, '', 'GJ1041_0009', 1, 'f1_88', '', '1'),
(93, 92, 67, '', 'GJ1041_0009', 1, 'c_92', '', '0'),
(94, 41, 4, '', 'GJ1041_0009', 1, 'c_pid41', '', '0'),
(95, 0, 63, '', 'GJ1041_0009', 0, 'c_sb1', 'haha', '0'),
(96, 41, 4, '', 'GJ1041_0009', 1, 'c_pid41', '', '0'),
(97, 41, 4, '', 'GJ1041_0009', 1, 'c_pid41_2', 'hahahlol', '0'),
(98, 81, 4, '', 'GJ1041_0009', 1, 'c_pid_81_1', 'desc_c_pid_81_1', '0'),
(99, 80, 4, '', 'GJ1041_0009', 1, 'c_pid80_1', 'hahah', '0'),
(100, 0, 4, '', 'GJ1041_0009', 0, 'vishal', 'ssa', '1'),
(101, 0, 4, '', 'GJ1041_0009', 0, 'vishal', 'ssa', '1'),
(102, 0, 4, '', 'GJ1041_0009', 0, 'vishal', 'lolwa', '1'),
(103, 102, 4, '', 'GJ1041_0009', 1, 'vishal_class', 'vc1', '0'),
(104, 41, 4, '3fa40', 'GJ1041_0009', 1, 'new_class', 'ahha', '0'),
(105, 0, 4, 'b649a', 'GJ1041_0009', 0, 'aa', '', '0');

-- --------------------------------------------------------

--
-- Table structure for table `tbl_code`
--

CREATE TABLE `tbl_code` (
  `id` bigint(20) UNSIGNED NOT NULL,
  `user_id` bigint(20) UNSIGNED NOT NULL,
  `class_id` bigint(20) UNSIGNED NOT NULL,
  `institute_code` varchar(50) NOT NULL,
  `code` varchar(30) NOT NULL,
  `code_type` enum('0','1','2','3') NOT NULL COMMENT '0: Teacher Code  1: Student Code 2:Clone Code'
) ENGINE=InnoDB DEFAULT CHARSET=latin1;

--
-- Dumping data for table `tbl_code`
--

INSERT INTO `tbl_code` (`id`, `user_id`, `class_id`, `institute_code`, `code`, `code_type`) VALUES
(35, 63, 0, 'GJ1041_0009', 'GJ1041_0009585', '0'),
(43, 66, 0, 'GJ783_0010', 'GJ783_0010422', '0'),
(49, 54, 0, 'GJ1041_0008', 'GJ1041_0008523', '0'),
(51, 67, 0, 'GJ1041_0009', 'GJ1041_000932692', '1'),
(52, 4, 0, 'GJ1041_0009', 'GJ1041_000954204', '1'),
(53, 4, 96, 'GJ1041_0009', 'cc71f', '1'),
(54, 4, 97, 'GJ1041_0009', '65e61', '1'),
(55, 4, 98, 'GJ1041_0009', '01290', '1'),
(56, 4, 99, 'GJ1041_0009', 'a59ea', '1'),
(57, 4, 100, 'GJ1041_0009', '37e9f', '1'),
(58, 4, 101, 'GJ1041_0009', 'f8887', '1'),
(59, 4, 102, 'GJ1041_0009', '1461c', '1'),
(60, 4, 103, 'GJ1041_0009', '90303', '1'),
(61, 4, 104, 'GJ1041_0009', '3fa40', '1'),
(62, 4, 105, 'GJ1041_0009', 'b649a', '1');

-- --------------------------------------------------------

--
-- Table structure for table `tbl_institute`
--

CREATE TABLE `tbl_institute` (
  `creator_user_id` bigint(20) UNSIGNED NOT NULL,
  `institute_id` bigint(20) UNSIGNED NOT NULL,
  `institute_type_id` int(11) UNSIGNED NOT NULL,
  `institute_name` varchar(255) NOT NULL,
  `institute_code` varchar(50) NOT NULL,
  `country_id` int(11) DEFAULT NULL,
  `state_id` int(11) NOT NULL,
  `city_id` int(11) NOT NULL,
  `address` text NOT NULL,
  `postal_code` varchar(16) NOT NULL,
  `is_deleted` tinyint(1) DEFAULT NULL COMMENT '0 = Active, 1 = Removed',
  `created_at` datetime NOT NULL DEFAULT CURRENT_TIMESTAMP,
  `updated_at` datetime DEFAULT NULL,
  `blocked` enum('0','1') NOT NULL
) ENGINE=InnoDB DEFAULT CHARSET=latin1;

--
-- Dumping data for table `tbl_institute`
--

INSERT INTO `tbl_institute` (`creator_user_id`, `institute_id`, `institute_type_id`, `institute_name`, `institute_code`, `country_id`, `state_id`, `city_id`, `address`, `postal_code`, `is_deleted`, `created_at`, `updated_at`, `blocked`) VALUES
(0, 1, 1, 'inst1', 'AN1_0001', NULL, 1, 1, 'adajan', '395008', NULL, '2018-05-08 11:50:22', NULL, '0'),
(0, 4, 1, 'hahalol', 'GA749_0002', NULL, 11, 749, 'vasco', '458714', NULL, '2018-05-08 12:26:15', NULL, '0'),
(0, 6, 1, 'otp', 'GJ1041_0003', NULL, 12, 1041, 'katargam', '395004', NULL, '2018-05-08 12:31:14', NULL, '0'),
(0, 8, 1, 'otp', 'GJ783_0004', NULL, 12, 783, 'katargam', '395004', NULL, '2018-05-08 12:37:38', NULL, '0'),
(4, 9, 2, 'yaya', 'AP179_0005', NULL, 2, 179, 'jgadfjhgvae', '417845', NULL, '2018-05-08 17:59:24', NULL, '0'),
(51, 10, 1, 'OTP', 'GJ1041_0006', NULL, 12, 1041, 'Dabholi', '395004', NULL, '2018-05-17 12:08:44', NULL, '0'),
(53, 11, 1, '', 'AN1_0007', NULL, 1, 1, '', '', NULL, '2018-05-18 11:26:18', NULL, '0'),
(54, 12, 1, 'OTP', 'GJ1041_0008', NULL, 12, 1041, 'Ved Road', '395004', NULL, '2018-05-18 11:42:40', NULL, '0'),
(63, 13, 1, 'Solid Black', 'GJ1041_0009', NULL, 12, 1041, 'Lalita Chowkdii', '395004', NULL, '2018-05-23 06:57:03', NULL, '0'),
(66, 14, 1, 'INST 1', 'GJ783_0010', NULL, 12, 783, 'Navrangpura', '380009', NULL, '2018-05-24 11:56:26', NULL, '0'),
(4, 15, 1, 'Suman Highschool No.3', 'GJ1041_0011', NULL, 12, 1041, 'Naginawadi', '395004', NULL, '2018-06-15 00:34:18', NULL, '0');

-- --------------------------------------------------------

--
-- Table structure for table `tbl_institute_types`
--

CREATE TABLE `tbl_institute_types` (
  `institute_type_id` int(10) UNSIGNED NOT NULL,
  `institute_type` varchar(100) NOT NULL,
  `created_at` datetime DEFAULT NULL,
  `updated_at` datetime DEFAULT NULL,
  `is_del` enum('0','1') NOT NULL
) ENGINE=InnoDB DEFAULT CHARSET=latin1;

--
-- Dumping data for table `tbl_institute_types`
--

INSERT INTO `tbl_institute_types` (`institute_type_id`, `institute_type`, `created_at`, `updated_at`, `is_del`) VALUES
(1, 'Tuition Center', '2018-04-27 00:00:00', '2018-04-27 00:00:00', '0'),
(2, 'School', NULL, NULL, '0');

-- --------------------------------------------------------

--
-- Table structure for table `tbl_notice`
--

CREATE TABLE `tbl_notice` (
  `notice_id` bigint(20) NOT NULL,
  `class_id` bigint(20) NOT NULL,
  `notice` varchar(200) NOT NULL,
  `created_at` datetime DEFAULT NULL,
  `is_deleted` enum('0','1') NOT NULL DEFAULT '0'
) ENGINE=InnoDB DEFAULT CHARSET=latin1;

--
-- Dumping data for table `tbl_notice`
--

INSERT INTO `tbl_notice` (`notice_id`, `class_id`, `notice`, `created_at`, `is_deleted`) VALUES
(1, 104, 'Bring notes tomorrow', NULL, '0'),
(2, 104, 'Dont forget stuff', NULL, '0'),
(3, 104, 'hahalolw', NULL, '1'),
(5, 104, 'hahha', NULL, '0'),
(6, 104, 'asaaslolwa', NULL, '0'),
(7, 104, 'notice 1', NULL, '0'),
(8, 104, 'sasa', NULL, '0'),
(9, 104, 'ahah', NULL, '0'),
(10, 104, 'coolnotice', NULL, '0'),
(18, 104, 'Cool', '2018-06-17 17:57:11', '0');

-- --------------------------------------------------------

--
-- Table structure for table `tbl_poll`
--

CREATE TABLE `tbl_poll` (
  `poll_id` bigint(20) UNSIGNED NOT NULL,
  `class_id` bigint(20) NOT NULL,
  `text` text NOT NULL,
  `is_active` enum('0','1') NOT NULL DEFAULT '0'
) ENGINE=InnoDB DEFAULT CHARSET=latin1;

--
-- Dumping data for table `tbl_poll`
--

INSERT INTO `tbl_poll` (`poll_id`, `class_id`, `text`, `is_active`) VALUES
(1, 104, 'So, should we start?', '0'),
(4, 104, 'how y\'all?', '0'),
(5, 104, 'kem chho', '0'),
(6, 104, 'hah', '0'),
(7, 104, '1', '0'),
(8, 104, 'cool?', '0'),
(9, 104, 'q1', '0'),
(10, 104, 'q2', '0'),
(11, 104, 'q3', '0'),
(12, 104, 'q3', '0'),
(13, 104, 'q4', '0'),
(14, 104, 'Thre?', '0'),
(15, 104, 'vivek', '0'),
(16, 104, 'jamva nu su che?', '0'),
(17, 104, 'q10', '0'),
(18, 104, 'q11', '0'),
(19, 104, 'Hello fraaandss chai pi lo', '0'),
(20, 104, 'que1', '1');

-- --------------------------------------------------------

--
-- Table structure for table `tbl_poll_options`
--

CREATE TABLE `tbl_poll_options` (
  `id` bigint(20) UNSIGNED NOT NULL,
  `poll_id` bigint(20) UNSIGNED NOT NULL,
  `option_text` varchar(200) NOT NULL
) ENGINE=InnoDB DEFAULT CHARSET=latin1;

--
-- Dumping data for table `tbl_poll_options`
--

INSERT INTO `tbl_poll_options` (`id`, `poll_id`, `option_text`) VALUES
(1, 1, 'YES'),
(2, 1, 'NO'),
(3, 1, 'MAYBE'),
(4, 5, 'moj '),
(5, 5, 'kay no ghate'),
(6, 6, '1'),
(7, 6, '2'),
(8, 7, '11'),
(9, 7, '12'),
(10, 8, 'yeah'),
(11, 8, 'no'),
(12, 9, 'o1'),
(13, 9, 'o2'),
(14, 10, 'o1'),
(15, 10, 'o2'),
(16, 11, 'o1'),
(17, 11, 'o2'),
(18, 12, 'o1'),
(19, 12, 'o2'),
(20, 12, 'o3'),
(21, 13, 'o1'),
(22, 13, 'o2'),
(23, 13, 'o3'),
(24, 14, 'yeah '),
(25, 14, 'no'),
(26, 15, 'good '),
(27, 15, 'bad'),
(28, 15, 'medium'),
(29, 16, 'dal bhat'),
(30, 16, 'khichdi'),
(31, 17, '1'),
(32, 17, '2'),
(33, 18, '4'),
(34, 18, '5'),
(35, 19, 'The quick brown fox jumps over the lazy dog'),
(36, 19, 's an English-language pangram—a sentence that contains all of the letters of the alphabet.'),
(37, 19, 'lorem ipsum dolor sit amet, consectetuer adipiscing elit, sed diam nonummy nibh euismod tincidunt ut laoreet dolore magna aliquam erat volutpat.'),
(38, 20, 'opt1'),
(39, 20, 'opt2');

-- --------------------------------------------------------

--
-- Table structure for table `tbl_poll_selection`
--

CREATE TABLE `tbl_poll_selection` (
  `id` bigint(20) UNSIGNED NOT NULL,
  `poll_id` bigint(20) NOT NULL,
  `user_id` bigint(20) NOT NULL,
  `choice` enum('option_1','option_2') DEFAULT NULL
) ENGINE=InnoDB DEFAULT CHARSET=latin1;

-- --------------------------------------------------------

--
-- Table structure for table `tbl_post`
--

CREATE TABLE `tbl_post` (
  `post_id` bigint(20) UNSIGNED NOT NULL,
  `user_id` bigint(20) NOT NULL,
  `class_id` bigint(20) UNSIGNED NOT NULL,
  `post_content` text,
  `img_url` text,
  `post_type` enum('post','poll') DEFAULT NULL,
  `created_at` datetime NOT NULL,
  `updated_at` datetime DEFAULT NULL,
  `is_deleted` enum('0','1') NOT NULL
) ENGINE=InnoDB DEFAULT CHARSET=latin1;

--
-- Dumping data for table `tbl_post`
--

INSERT INTO `tbl_post` (`post_id`, `user_id`, `class_id`, `post_content`, `img_url`, `post_type`, `created_at`, `updated_at`, `is_deleted`) VALUES
(1, 4, 0, 'aaa', NULL, NULL, '2018-06-12 13:20:50', NULL, '0'),
(2, 4, 0, 'aaa', NULL, NULL, '2018-06-12 13:21:02', NULL, '0'),
(3, 4, 0, 'aaa', NULL, NULL, '2018-06-12 13:34:08', NULL, '0'),
(4, 4, 0, 'aaa', NULL, NULL, '2018-06-12 13:34:41', NULL, '0'),
(5, 4, 0, 'aaa', NULL, NULL, '2018-06-12 13:34:53', NULL, '0'),
(6, 4, 104, 'aaa', NULL, NULL, '2018-06-12 13:55:28', NULL, '0'),
(7, 4, 104, 'aaa', NULL, NULL, '2018-06-12 13:55:46', NULL, '0'),
(8, 4, 104, 'aaa', NULL, NULL, '2018-06-12 13:57:47', NULL, '0'),
(9, 4, 104, 'aaa', NULL, NULL, '2018-06-12 18:13:15', NULL, '0'),
(10, 4, 104, 'aaa', NULL, NULL, '2018-06-12 18:15:24', NULL, '0'),
(11, 4, 104, 'aaa', NULL, NULL, '2018-06-12 18:17:29', NULL, '0'),
(12, 4, 104, 'aaa', NULL, NULL, '2018-06-12 18:20:33', NULL, '0'),
(13, 4, 104, 'aaa', NULL, NULL, '2018-06-12 18:20:51', NULL, '0'),
(14, 4, 104, 'aaa', NULL, NULL, '2018-06-12 18:21:49', NULL, '0'),
(15, 4, 104, 'aaa', NULL, NULL, '2018-06-12 18:22:08', NULL, '0'),
(16, 4, 104, 'aaa', NULL, NULL, '2018-06-12 18:23:59', NULL, '0'),
(17, 4, 104, 'aaa', NULL, NULL, '2018-06-12 18:28:21', NULL, '0'),
(18, 4, 104, 'aaa', NULL, NULL, '2018-06-12 18:28:34', NULL, '0'),
(19, 4, 104, 'aaa', NULL, NULL, '2018-06-12 18:43:08', NULL, '0'),
(20, 4, 104, 'aaa', NULL, NULL, '2018-06-12 19:38:33', NULL, '0'),
(21, 4, 104, 'aaa', NULL, NULL, '2018-06-12 19:38:39', NULL, '0'),
(22, 4, 104, 'aaa', NULL, NULL, '2018-06-12 19:52:08', NULL, '0'),
(23, 4, 104, 'aaa', NULL, NULL, '2018-06-12 19:52:11', NULL, '0'),
(24, 4, 104, 'aaa', NULL, NULL, '2018-06-12 19:53:38', NULL, '0'),
(25, 4, 104, 'aaa', NULL, NULL, '2018-06-12 19:54:18', NULL, '0'),
(26, 4, 104, 'aaa', NULL, NULL, '2018-06-12 19:54:57', NULL, '0'),
(27, 4, 104, 'aaa', NULL, NULL, '2018-06-12 20:06:55', NULL, '0'),
(28, 4, 104, 'aaa', NULL, NULL, '2018-06-12 22:09:35', NULL, '0'),
(29, 4, 104, 'aaa', NULL, NULL, '2018-06-12 23:17:32', NULL, '0'),
(30, 4, 104, 'aaa', NULL, NULL, '2018-06-12 23:18:00', NULL, '0'),
(31, 4, 104, 'aaa', NULL, NULL, '2018-06-12 23:18:38', NULL, '0'),
(32, 4, 104, 'aaa', NULL, NULL, '2018-06-12 23:22:00', NULL, '0'),
(33, 4, 104, 'aaa', NULL, NULL, '2018-06-12 23:25:38', NULL, '0'),
(34, 4, 104, 'aaa', NULL, NULL, '2018-06-12 23:25:41', NULL, '0'),
(35, 4, 104, 'aaa', NULL, NULL, '2018-06-12 23:31:56', NULL, '0'),
(36, 4, 104, 'cool', NULL, NULL, '2018-06-12 23:32:02', NULL, '0'),
(37, 4, 104, 'aaaaa', NULL, NULL, '2018-06-12 23:32:04', NULL, '0'),
(38, 4, 104, 'aaabbccaaacool', NULL, NULL, '2018-06-12 23:39:55', NULL, '1'),
(39, 4, 104, 'lolwadjdja4571', NULL, NULL, '2018-06-13 09:21:58', NULL, '1'),
(40, 4, 104, 'lolwcoamc', NULL, NULL, '2018-06-14 00:17:10', NULL, '0'),
(41, 4, 104, 'today\'s great', NULL, NULL, '2018-06-14 10:28:50', NULL, '0'),
(42, 67, 104, 'cool', NULL, NULL, '2018-06-14 10:42:37', NULL, '0'),
(43, 67, 104, 'coollolw', NULL, NULL, '2018-06-14 10:47:06', NULL, '0'),
(44, 67, 104, 'lolwa', NULL, NULL, '2018-06-14 11:01:42', NULL, '0'),
(45, 67, 104, 'cooldj', NULL, NULL, '2018-06-14 11:03:38', NULL, '0'),
(46, 67, 104, 'lolwaii', NULL, NULL, '2018-06-14 11:04:39', NULL, '0'),
(47, 4, 104, 'as', NULL, NULL, '2018-06-14 11:05:21', NULL, '0'),
(48, 4, 104, 'a', NULL, NULL, '2018-06-14 11:06:40', NULL, '0'),
(49, 67, 104, 'asd', NULL, NULL, '2018-06-14 11:06:48', NULL, '0'),
(50, 67, 104, 'asdj', NULL, NULL, '2018-06-14 11:06:56', NULL, '0'),
(51, 4, 104, 'New Lesson is up', NULL, NULL, '2018-06-14 11:09:47', NULL, '0'),
(52, 4, 104, 'New Lesson is up, see it guys', NULL, NULL, '2018-06-14 11:10:18', NULL, '0'),
(53, 4, 104, 'New Lesson is up, see it guys, pls', NULL, NULL, '2018-06-14 11:10:44', NULL, '0'),
(54, 4, 104, 'New Lesson is up, see it guys, pls cool', NULL, NULL, '2018-06-14 11:10:55', NULL, '0'),
(55, 4, 104, 'hellu all dj', NULL, NULL, '2018-06-14 11:16:00', NULL, '0'),
(56, 67, 104, 'A lot', NULL, NULL, '2018-06-14 11:16:35', NULL, '0'),
(57, 4, 104, 'hah lol', NULL, NULL, '2018-06-15 22:38:56', NULL, '0'),
(58, 4, 104, 'hah', NULL, NULL, '2018-06-16 14:04:15', NULL, '0'),
(59, 4, 104, 'Coolthere', NULL, NULL, '2018-06-16 14:05:12', NULL, '0'),
(60, 4, 104, 'sha', NULL, NULL, '2018-06-16 14:05:31', NULL, '0'),
(61, 4, 104, 'sdjf', NULL, NULL, '2018-06-16 14:05:59', NULL, '0'),
(62, 4, 104, 'zdvzcvcvb', NULL, NULL, '2018-06-16 14:06:34', NULL, '0'),
(63, 4, 104, 'Lolwa', NULL, NULL, '2018-06-16 19:19:36', NULL, '0'),
(64, 4, 104, 'sasasas', NULL, NULL, '2018-06-17 09:45:17', NULL, '0'),
(65, 4, 104, 'So many doubts', NULL, NULL, '2018-06-17 17:58:20', NULL, '0');

-- --------------------------------------------------------

--
-- Table structure for table `tbl_relation`
--

CREATE TABLE `tbl_relation` (
  `req_id` bigint(20) UNSIGNED NOT NULL,
  `request_from_id` bigint(20) UNSIGNED NOT NULL,
  `request_to_id` bigint(20) UNSIGNED NOT NULL,
  `institute_code` varchar(50) NOT NULL,
  `as_role_id` int(11) NOT NULL,
  `status` enum('0','1','2','3') NOT NULL COMMENT '0: Pending 1: Accepted 2: Declined 3: Blocked',
  `init_user_id` bigint(20) UNSIGNED NOT NULL
) ENGINE=InnoDB DEFAULT CHARSET=latin1;

--
-- Dumping data for table `tbl_relation`
--

INSERT INTO `tbl_relation` (`req_id`, `request_from_id`, `request_to_id`, `institute_code`, `as_role_id`, `status`, `init_user_id`) VALUES
(1, 55, 4, '', 1, '1', 55),
(14, 55, 0, '', 0, '1', 55),
(15, 53, 0, '', 3, '1', 53),
(16, 53, 54, 'GJ1041_0008', 2, '1', 53),
(18, 56, 54, 'GJ1041_0008', 2, '1', 56),
(49, 4, 54, 'GJ1041_0008', 2, '1', 4),
(50, 2, 54, 'GJ1041_0008', 2, '1', 2),
(63, 2, 54, 'GJ1041_0008', 2, '1', 2),
(64, 2, 54, 'GJ1041_0008', 2, '1', 2),
(86, 35, 54, 'GJ1041_0008', 2, '1', 35),
(88, 2, 54, 'GJ1041_0008', 2, '1', 2),
(89, 4, 54, 'GJ1041_0008', 1, '1', 4),
(90, 57, 54, 'GJ1041_0008', 1, '1', 57),
(91, 58, 54, 'GJ1041_0008', 1, '1', 58),
(92, 59, 35, 'GJ1041_0008', 1, '1', 59),
(93, 60, 35, 'GJ1041_0008', 4, '1', 60),
(94, 46, 54, 'GJ1041_0008', 4, '1', 46),
(95, 4, 35, 'GJ1041_0008', 4, '1', 4),
(96, 61, 35, 'GJ1041_0008', 4, '1', 61),
(97, 62, 54, 'GJ1041_0008', 4, '1', 62),
(99, 63, 63, 'GJ1041_0009', 2, '1', 63),
(101, 64, 63, 'GJ1041_0009', 2, '1', 64),
(102, 64, 63, 'GJ1041_0009', 2, '1', 64),
(103, 4, 63, 'GJ1041_0009', 2, '1', 4),
(104, 4, 63, 'GJ1041_0009', 2, '1', 4),
(105, 63, 63, 'GJ1041_0009', 4, '1', 63),
(106, 54, 63, 'GJ1041_0009', 2, '1', 54),
(107, 54, 63, 'GJ1041_0009', 2, '1', 54),
(108, 54, 63, 'GJ1041_0009', 2, '1', 54),
(109, 54, 63, 'GJ1041_0009', 2, '1', 54),
(110, 54, 63, 'GJ1041_0009', 2, '1', 54),
(111, 54, 63, 'GJ1041_0009', 4, '1', 54),
(112, 54, 54, 'GJ1041_0008', 2, '1', 54),
(113, 53, 4, 'GJ1041_0008', 1, '1', 53),
(114, 53, 54, 'GJ1041_0008', 2, '1', 53),
(115, 63, 63, 'GJ1041_0009', 2, '1', 63),
(116, 64, 63, 'GJ1041_0009', 2, '1', 64),
(117, 64, 63, 'GJ1041_0009', 4, '1', 64),
(118, 64, 63, 'GJ1041_0009', 4, '1', 64),
(119, 2, 63, 'GJ1041_0009', 2, '1', 2),
(120, 2, 4, 'GJ1041_0008', 1, '1', 2),
(121, 65, 54, 'GJ1041_0008', 2, '1', 65),
(122, 55, 4, 'GJ1041_0008', 1, '1', 55),
(123, 65, 4, 'GJ1041_0009', 1, '1', 65),
(124, 65, 63, 'GJ1041_0009', 2, '0', 65);

-- --------------------------------------------------------

--
-- Table structure for table `tbl_request`
--

CREATE TABLE `tbl_request` (
  `request_id` bigint(20) UNSIGNED NOT NULL,
  `request_from_id` bigint(20) UNSIGNED NOT NULL,
  `request_to_id` bigint(20) UNSIGNED NOT NULL,
  `institute_code` varchar(50) NOT NULL,
  `as_role_id` int(11) NOT NULL,
  `status` enum('0','1','2','3') NOT NULL COMMENT '0: Declined 1: Accepted 2:  Pending 3: Blocked'
) ENGINE=InnoDB DEFAULT CHARSET=latin1;

--
-- Dumping data for table `tbl_request`
--

INSERT INTO `tbl_request` (`request_id`, `request_from_id`, `request_to_id`, `institute_code`, `as_role_id`, `status`) VALUES
(11, 4, 66, 'GJ783_0010', 2, '1'),
(12, 35, 66, 'GJ783_0010', 2, '1'),
(13, 67, 63, 'GJ1041_0009', 2, '1'),
(14, 67, 66, 'GJ783_0010', 2, '1'),
(15, 63, 66, 'GJ783_0010', 2, '2'),
(16, 63, 63, 'GJ1041_0009', 2, '1');

-- --------------------------------------------------------

--
-- Table structure for table `tbl_roles`
--

CREATE TABLE `tbl_roles` (
  `role_id` int(11) NOT NULL,
  `role_name` varchar(30) NOT NULL,
  `priority` int(11) NOT NULL
) ENGINE=InnoDB DEFAULT CHARSET=latin1;

--
-- Dumping data for table `tbl_roles`
--

INSERT INTO `tbl_roles` (`role_id`, `role_name`, `priority`) VALUES
(1, 'Student', 4),
(2, 'Teacher', 2),
(3, 'Head', 1),
(4, 'Assistant', 3);

-- --------------------------------------------------------

--
-- Table structure for table `tbl_session`
--

CREATE TABLE `tbl_session` (
  `session_id` bigint(20) UNSIGNED NOT NULL,
  `session_name` varchar(100) NOT NULL,
  `class_id` bigint(20) UNSIGNED NOT NULL,
  `session_desc` varchar(300) NOT NULL,
  `created_at` datetime NOT NULL,
  `ended_at` datetime DEFAULT NULL,
  `is_deleted` enum('0','1') NOT NULL
) ENGINE=InnoDB DEFAULT CHARSET=latin1;

--
-- Dumping data for table `tbl_session`
--

INSERT INTO `tbl_session` (`session_id`, `session_name`, `class_id`, `session_desc`, `created_at`, `ended_at`, `is_deleted`) VALUES
(1, 'chapter 1st', 104, 'jasg', '2018-06-11 16:13:17', NULL, '0'),
(2, 'ushgd', 104, 'dfjg', '2018-06-12 09:13:14', NULL, '0');

-- --------------------------------------------------------

--
-- Table structure for table `tbl_session_old`
--

CREATE TABLE `tbl_session_old` (
  `session_id` bigint(20) UNSIGNED NOT NULL COMMENT 'Session in a class',
  `session_name` varchar(300) NOT NULL,
  `session_desc` varchar(300) DEFAULT NULL,
  `class_code` varchar(10) DEFAULT NULL,
  `created_at` datetime NOT NULL,
  `ended_at` datetime DEFAULT NULL,
  `is_deleted` enum('0','1') NOT NULL
) ENGINE=InnoDB DEFAULT CHARSET=latin1;

--
-- Dumping data for table `tbl_session_old`
--

INSERT INTO `tbl_session_old` (`session_id`, `session_name`, `session_desc`, `class_code`, `created_at`, `ended_at`, `is_deleted`) VALUES
(1, 'ssn1', 'g', NULL, '0000-00-00 00:00:00', NULL, '0'),
(2, 'ssn1', 'g', NULL, '0000-00-00 00:00:00', NULL, '0'),
(3, 'ssn2', 'd2', NULL, '0000-00-00 00:00:00', NULL, '0'),
(4, 's3', 'dgj', NULL, '0000-00-00 00:00:00', NULL, '0'),
(5, 's3', 'dgj', NULL, '0000-00-00 00:00:00', NULL, '0'),
(6, 's3', 'dgj', NULL, '0000-00-00 00:00:00', NULL, '0'),
(7, 's3', 'dgj', NULL, '0000-00-00 00:00:00', NULL, '0'),
(8, 's3', 'dgj', NULL, '2018-06-11 15:42:48', NULL, '0'),
(9, 's3', 'dgj', NULL, '2018-06-11 15:43:55', NULL, '0'),
(10, 's3', 'dgj', NULL, '2018-06-11 15:44:42', NULL, '0'),
(11, 's3aa', 'dgj', NULL, '2018-06-11 15:45:46', NULL, '0');

-- --------------------------------------------------------

--
-- Table structure for table `tbl_state`
--

CREATE TABLE `tbl_state` (
  `state_id` int(11) NOT NULL,
  `country_id` int(11) NOT NULL,
  `state_name` int(11) NOT NULL
) ENGINE=InnoDB DEFAULT CHARSET=latin1;

-- --------------------------------------------------------

--
-- Table structure for table `tbl_upload`
--

CREATE TABLE `tbl_upload` (
  `id` bigint(20) UNSIGNED NOT NULL,
  `class_id` bigint(20) UNSIGNED NOT NULL,
  `url` text NOT NULL,
  `alias` varchar(100) DEFAULT NULL,
  `date_added` datetime DEFAULT NULL
) ENGINE=InnoDB DEFAULT CHARSET=latin1;

--
-- Dumping data for table `tbl_upload`
--

INSERT INTO `tbl_upload` (`id`, `class_id`, `url`, `alias`, `date_added`) VALUES
(1, 104, 'uploads/104_c634f86af2f4e54.pdf', NULL, '2018-06-16 15:37:51'),
(9, 104, 'uploads/104_a583b48eb9815dc.pdf', 'PaymentForm.pdf', '2018-06-16 15:53:56'),
(10, 104, 'uploads/104_464c40073f20edc.pdf', 'OfferLetterTCS.pdf', '2018-06-16 15:55:16'),
(11, 104, 'uploads/104_8a9d2e7139851e3.pdf', 'NSR_PaymentForm.pdf', '2018-06-16 15:58:10'),
(12, 104, 'uploads/104_c64050da1168fff.JPG', 'passport photo copy.JPG', '2018-06-16 15:59:42'),
(13, 104, 'uploads/104_30b751ec7a06905.JPG', 'passport photo copy.JPG', '2018-06-16 16:00:53'),
(14, 104, 'uploads/104_0334cc86c1de092.JPG', 'passport photo copy.JPG', '2018-06-16 16:02:21'),
(15, 104, 'uploads/104_f7b63f7eaf67ffe.pdf', 'raj.pdf', '2018-06-16 16:02:27'),
(16, 104, 'uploads/104_15a9721ab89604b.pdf', 'admitcard_chromium.pdf', '2018-06-16 16:02:52'),
(17, 104, 'uploads/104_9527f56474b0ec3.JPG', 'passport photo copy.JPG', '2018-06-16 16:04:33'),
(18, 104, 'uploads/104_8041f86283333e3.txt', 'WEBIOTS.txt', '2018-06-16 16:06:34'),
(19, 104, 'uploads/104_8b90192692c31a0.JPG', 'passport photo copy.JPG', '2018-06-16 16:06:40'),
(20, 104, 'uploads/104_437eac01df40369.pdf', 'admitcard_chrome.pdf', '2018-06-16 16:07:05'),
(21, 104, 'uploads/104_8056e0d2bb267ea.pdf', 'raj.pdf', '2018-06-16 16:15:53'),
(22, 104, 'uploads/104_001e6910734fa03.pdf', 'admitcard_chromium.pdf', '2018-06-16 16:22:29'),
(23, 104, 'uploads/104_f2bc0bf71e3c67f.JPG', 'passport photo copy.JPG', '2018-06-16 16:44:24'),
(24, 104, 'uploads/104_0f53661a47ee58a.JPG', 'passport photo copy.JPG', '2018-06-16 16:46:31'),
(25, 104, 'uploads/104_7cb33594465d9bc.txt', 'WEBIOTS.txt', '2018-06-16 17:10:45'),
(26, 104, 'uploads/104_e60fe094c416a99.txt', 'techfest.txt', '2018-06-16 17:11:07'),
(27, 104, 'uploads/104_988dadf0348baed.txt', 'sahyog_schema.txt', '2018-06-16 17:11:42'),
(28, 104, 'uploads/104_0fa7434fea3e1b1.gif', 'new_logo.gif', '2018-06-16 17:13:30'),
(29, 104, 'uploads/104_756bac423b7d609.gif', 'headerText.gif', '2018-06-16 17:14:42'),
(30, 104, 'uploads/104_721ecf7e6d288ba.pdf', 'OfferLetterTCS.pdf', '2018-06-16 17:14:55');

-- --------------------------------------------------------

--
-- Table structure for table `tbl_upvote`
--

CREATE TABLE `tbl_upvote` (
  `user_id` bigint(20) UNSIGNED NOT NULL,
  `post_id` bigint(20) UNSIGNED NOT NULL,
  `has_upvoted` enum('0','1') NOT NULL DEFAULT '0'
) ENGINE=InnoDB DEFAULT CHARSET=latin1;

--
-- Dumping data for table `tbl_upvote`
--

INSERT INTO `tbl_upvote` (`user_id`, `post_id`, `has_upvoted`) VALUES
(0, 0, '1'),
(4, 41, '1'),
(4, 35, '1'),
(4, 32, '1'),
(4, 20, '1'),
(4, 15, '1'),
(4, 9, '1'),
(4, 6, '1'),
(4, 11, '1'),
(4, 10, '1'),
(4, 53, '1'),
(4, 52, '1'),
(67, 54, '1'),
(67, 51, '1'),
(67, 57, '1'),
(4, 0, '1'),
(4, 51, '1'),
(4, 34, '1'),
(4, 23, '1'),
(4, 57, '1'),
(4, 56, '1'),
(4, 55, '1'),
(4, 54, '1'),
(4, 59, '1');

-- --------------------------------------------------------

--
-- Table structure for table `tbl_user`
--

CREATE TABLE `tbl_user` (
  `user_id` bigint(20) UNSIGNED NOT NULL,
  `is_admin` enum('0','1') NOT NULL DEFAULT '0',
  `firstname` varchar(100) NOT NULL,
  `lastname` varchar(100) NOT NULL,
  `email` varchar(150) NOT NULL,
  `username` varchar(50) NOT NULL,
  `password` varchar(255) NOT NULL,
  `mobile` varchar(15) DEFAULT NULL,
  `gender` tinyint(1) NOT NULL COMMENT '0 = Female, 1 = Male',
  `birthdate` date DEFAULT NULL,
  `is_blocked` tinyint(1) NOT NULL COMMENT '0 = Active, 1 = Blocked',
  `created_at` datetime DEFAULT NULL,
  `updated_at` datetime DEFAULT NULL,
  `last_login_at` datetime DEFAULT NULL
) ENGINE=InnoDB DEFAULT CHARSET=latin1;

--
-- Dumping data for table `tbl_user`
--

INSERT INTO `tbl_user` (`user_id`, `is_admin`, `firstname`, `lastname`, `email`, `username`, `password`, `mobile`, `gender`, `birthdate`, `is_blocked`, `created_at`, `updated_at`, `last_login_at`) VALUES
(1, '1', 'Admin ', 'Superuser', 'admin@admin.com', 'admin', '21232f297a57a5a743894a0e4a801fc3', NULL, 1, NULL, 0, NULL, NULL, NULL),
(2, '0', 'Mohit', 'Pipaliya', 'mohitpmg@mohit.com', 'mohitpmg', '25d55ad283aa400af464c76d713c07ad', NULL, 1, '0000-00-00', 0, NULL, NULL, NULL),
(3, '0', 'a', 'a', 'a@f.com', 'randome', '25d55ad283aa400af464c76d713c07ad', NULL, 1, '0000-00-00', 0, NULL, NULL, NULL),
(4, '0', 'Bhupat', 'Chippa', 'bhupat@gmail.com', 'bolt_bunny', 'b6c683f9ae874ee4b67db1b909d85dab', NULL, 1, '0000-00-00', 0, NULL, NULL, NULL),
(31, '0', 'hah', 'hah sa', 'ahha@ha.comn', 'hah', '75ad0b72e67f5e4255b9e8e78b3c949f', NULL, 1, '1997-11-22', 0, NULL, NULL, NULL),
(32, '0', 'hah', 'hah sa', 'ahha@ha.comn', 'hah', '25d55ad283aa400af464c76d713c07ad', NULL, 1, '1997-11-22', 0, NULL, NULL, NULL),
(33, '0', 'hah', 'hah sa', 'ahha@ha.comn', 'hah', '25d55ad283aa400af464c76d713c07ad', NULL, 1, '1997-11-22', 0, NULL, NULL, NULL),
(34, '0', 'hah', 'hah sa', 'ahha@ha.comn', 'hah', 'c5fde9de2d29789a81d1bc0f16292048', NULL, 1, '1997-11-22', 0, NULL, NULL, NULL),
(35, '0', 'Dvs', 'Patel', 'dvspatel@gmail.com', 'dvspatel', '25d55ad283aa400af464c76d713c07ad', NULL, 1, '1907-07-24', 0, NULL, NULL, NULL),
(36, '0', 'Vivek ', 'Pipaliya', 'vivek@gmail.com', 'vivek', '25d55ad283aa400af464c76d713c07ad', NULL, 1, '1997-08-26', 0, NULL, NULL, NULL),
(46, '0', 'Smit', 'Patel', 'smitpatel@gmail.com', 'smitp802', '25d55ad283aa400af464c76d713c07ad', NULL, 1, '2011-11-11', 0, NULL, NULL, NULL),
(47, '0', 'Sandip', 'Pipaliya', 'sandsg@ham.com', 'sandip', '25d55ad283aa400af464c76d713c07ad', NULL, 1, '1992-11-25', 0, NULL, NULL, NULL),
(48, '0', 'Sandip', 'Pipaliya', 'sandsg@ham.comsa', 'sandip1', '25d55ad283aa400af464c76d713c07ad', NULL, 1, '1992-11-25', 0, NULL, NULL, NULL),
(49, '0', 'dwiti', 'pipaliya', 'dwiti@gmail.com', 'dwiti', '25d55ad283aa400af464c76d713c07ad', NULL, 0, '2001-01-01', 0, NULL, NULL, NULL),
(50, '0', 'Hitesh', 'Dahake', 'hnd@gmail.com', 'hitler', '25d55ad283aa400af464c76d713c07ad', NULL, 1, '1987-04-04', 0, NULL, NULL, NULL),
(51, '0', 'Dilip', 'Rakhasiya', 'dcr@gmail.com', 'dilipsir', '25d55ad283aa400af464c76d713c07ad', NULL, 1, '1989-11-22', 0, NULL, NULL, NULL),
(52, '0', 'Maulik', 'Pipaliya', 'maulik.pipaliya@gmail.com', 'joyy', '25d55ad283aa400af464c76d713c07ad', NULL, 1, '0199-11-22', 0, NULL, NULL, NULL),
(53, '0', 'Tejas', 'Mehta', 'tejasmehta@gmail.com', 'tejasmehta', '25d55ad283aa400af464c76d713c07ad', NULL, 1, '1988-11-11', 0, NULL, NULL, NULL),
(54, '0', 'Jignesh', 'Bodawala', 'jcb@gmail.com', 'jcb', '25d55ad283aa400af464c76d713c07ad', NULL, 1, '1988-11-11', 0, NULL, NULL, NULL),
(55, '0', 'Karan ', 'Sejpal', 'karan@gmail.com', 'karan', '25d55ad283aa400af464c76d713c07ad', NULL, 1, '1997-11-11', 0, NULL, NULL, NULL),
(56, '0', 'manoj', 'patel', 'manoj@gmail.com', 'manoj', '25d55ad283aa400af464c76d713c07ad', NULL, 1, '2011-11-11', 0, NULL, NULL, NULL),
(57, '0', 'Five', 'Seven', '57@gmail.com', 'user57', '25d55ad283aa400af464c76d713c07ad', NULL, 1, '1999-04-04', 0, NULL, NULL, NULL),
(58, '0', 'Five', 'Eight', '58@gmail.com', 'user58', '25d55ad283aa400af464c76d713c07ad', NULL, 1, '1997-01-01', 0, NULL, NULL, NULL),
(59, '0', 'Five ', 'Nine', '59@gmail.com', 'user59', '25d55ad283aa400af464c76d713c07ad', NULL, 1, '1111-01-01', 0, NULL, NULL, NULL),
(60, '0', 'Six', 'Zero', '60@gmail.com', 'user60', '25d55ad283aa400af464c76d713c07ad', NULL, 1, '1998-08-08', 0, NULL, NULL, NULL),
(61, '0', 'mayur', 'asole', 'masole@gmail.com', 'asole', '25d55ad283aa400af464c76d713c07ad', NULL, 1, '1777-07-07', 0, NULL, NULL, NULL),
(62, '0', 'mayur', 'asole', 'masole@gmail.comm', 'asole2', '25d55ad283aa400af464c76d713c07ad', NULL, 1, '2018-05-22', 0, NULL, NULL, NULL),
(63, '0', 'Ghanshyam', 'Sir', 'solidblack@gmail.com', 'solidblack', '25d55ad283aa400af464c76d713c07ad', NULL, 1, '1967-11-22', 0, NULL, NULL, NULL),
(64, '0', 'Tandel', 'Sir', 'tandelsir@gmail.com', 'tandel', '25d55ad283aa400af464c76d713c07ad', NULL, 1, '1997-01-01', 0, NULL, NULL, NULL),
(65, '0', 'manish', 'sir', 'manish@ghamd.com', 'manishsir', '25d55ad283aa400af464c76d713c07ad', NULL, 1, '2018-05-23', 0, NULL, NULL, NULL),
(66, '0', 'Master', 'Saheb', 'master@gmail.com', 'master', '25d55ad283aa400af464c76d713c07ad', NULL, 0, '1989-01-01', 0, NULL, NULL, NULL),
(67, '0', 'Mohit', 'Kabariya', 'mohitk@gmail.com', 'mohitk', '25d55ad283aa400af464c76d713c07ad', NULL, 1, '1997-02-02', 0, NULL, NULL, NULL),
(68, '0', 'Dr Pushpal', 'Desai', 'drpushpaldesai@gmail.com', 'dpushpal', '25d55ad283aa400af464c76d713c07ad', NULL, 1, '1965-11-11', 0, '2018-06-17 19:01:19', NULL, NULL);

-- --------------------------------------------------------

--
-- Table structure for table `tbl_user_inst`
--

CREATE TABLE `tbl_user_inst` (
  `id` bigint(20) UNSIGNED NOT NULL,
  `user_id` bigint(20) UNSIGNED NOT NULL,
  `role_id` int(11) NOT NULL,
  `class_code` varchar(10) NOT NULL,
  `institute_code` varchar(50) NOT NULL,
  `is_blocked` enum('0','1') DEFAULT '0'
) ENGINE=InnoDB DEFAULT CHARSET=latin1;

--
-- Dumping data for table `tbl_user_inst`
--

INSERT INTO `tbl_user_inst` (`id`, `user_id`, `role_id`, `class_code`, `institute_code`, `is_blocked`) VALUES
(1, 54, 3, '', 'GJ1041_0008', '0'),
(4, 4, 1, '', 'GJ1041_0008', '0'),
(7, 35, 2, '', 'GJ1041_0008', '0'),
(16, 57, 1, '', 'GJ1041_0008', '0'),
(17, 58, 1, '', 'GJ1041_0008', '0'),
(20, 59, 1, '', 'GJ1041_0008', '0'),
(21, 60, 4, '', 'GJ1041_0008', '0'),
(22, 4, 4, '', 'GJ1041_0008', '0'),
(23, 61, 4, '', 'GJ1041_0008', '0'),
(24, 63, 3, '', 'GJ1041_0009', '0'),
(26, 64, 1, '', 'GJ1041_0009', '0'),
(27, 4, 1, '', 'GJ1041_0009', '0'),
(30, 64, 3, '', 'GJ1041_0009', '0'),
(31, 4, 2, '', 'GJ1041_0009', '0'),
(32, 53, 1, '', 'GJ1041_0008', '0'),
(35, 65, 2, '', 'GJ1041_0008', '0'),
(36, 65, 1, '', 'GJ1041_0009', '0'),
(37, 66, 3, '', 'GJ783_0010', '0'),
(38, 67, 2, '', 'GJ1041_0009', '0'),
(39, 67, 2, '', 'GJ783_0010', '0'),
(40, 63, 2, '', 'GJ1041_0009', '0'),
(41, 67, 1, '65e61', 'GJ1041_0009', '0'),
(42, 35, 1, '65e61', 'GJ1041_0009', '0'),
(44, 67, 1, '01290', 'GJ1041_0009', '0'),
(45, 67, 1, '90303', 'GJ1041_0009', '0'),
(46, 67, 1, '3fa40', 'GJ1041_0009', '0'),
(47, 2, 1, '3fa40', 'GJ1041_0009', '0'),
(50, 4, 1, '3fa40', 'GJ1041_0009', '0'),
(51, 4, 3, '', 'GJ1041_0011', '0'),
(52, 68, 1, '3fa40', 'GJ1041_0009', '0');

--
-- Indexes for dumped tables
--

--
-- Indexes for table `cities`
--
ALTER TABLE `cities`
  ADD PRIMARY KEY (`id`);

--
-- Indexes for table `countries`
--
ALTER TABLE `countries`
  ADD PRIMARY KEY (`id`);

--
-- Indexes for table `states`
--
ALTER TABLE `states`
  ADD PRIMARY KEY (`id`);

--
-- Indexes for table `tbl_class`
--
ALTER TABLE `tbl_class`
  ADD PRIMARY KEY (`class_id`);

--
-- Indexes for table `tbl_code`
--
ALTER TABLE `tbl_code`
  ADD PRIMARY KEY (`id`);

--
-- Indexes for table `tbl_institute`
--
ALTER TABLE `tbl_institute`
  ADD PRIMARY KEY (`institute_id`),
  ADD UNIQUE KEY `institute_code` (`institute_code`),
  ADD KEY `fk_institute_type` (`institute_type_id`);

--
-- Indexes for table `tbl_institute_types`
--
ALTER TABLE `tbl_institute_types`
  ADD PRIMARY KEY (`institute_type_id`);

--
-- Indexes for table `tbl_notice`
--
ALTER TABLE `tbl_notice`
  ADD PRIMARY KEY (`notice_id`);

--
-- Indexes for table `tbl_poll`
--
ALTER TABLE `tbl_poll`
  ADD PRIMARY KEY (`poll_id`),
  ADD KEY `class_id` (`class_id`) USING BTREE;

--
-- Indexes for table `tbl_poll_options`
--
ALTER TABLE `tbl_poll_options`
  ADD PRIMARY KEY (`id`);

--
-- Indexes for table `tbl_poll_selection`
--
ALTER TABLE `tbl_poll_selection`
  ADD PRIMARY KEY (`id`);

--
-- Indexes for table `tbl_post`
--
ALTER TABLE `tbl_post`
  ADD PRIMARY KEY (`post_id`);

--
-- Indexes for table `tbl_relation`
--
ALTER TABLE `tbl_relation`
  ADD PRIMARY KEY (`req_id`),
  ADD UNIQUE KEY `req_id` (`req_id`,`request_from_id`,`request_to_id`),
  ADD UNIQUE KEY `req_id_2` (`req_id`,`request_from_id`,`request_to_id`),
  ADD KEY `request_from_id` (`request_from_id`,`request_to_id`,`status`) USING BTREE;

--
-- Indexes for table `tbl_request`
--
ALTER TABLE `tbl_request`
  ADD PRIMARY KEY (`request_id`);

--
-- Indexes for table `tbl_roles`
--
ALTER TABLE `tbl_roles`
  ADD PRIMARY KEY (`role_id`);

--
-- Indexes for table `tbl_session`
--
ALTER TABLE `tbl_session`
  ADD PRIMARY KEY (`session_id`);

--
-- Indexes for table `tbl_session_old`
--
ALTER TABLE `tbl_session_old`
  ADD PRIMARY KEY (`session_id`);

--
-- Indexes for table `tbl_upload`
--
ALTER TABLE `tbl_upload`
  ADD PRIMARY KEY (`id`);

--
-- Indexes for table `tbl_user`
--
ALTER TABLE `tbl_user`
  ADD PRIMARY KEY (`user_id`);

--
-- Indexes for table `tbl_user_inst`
--
ALTER TABLE `tbl_user_inst`
  ADD PRIMARY KEY (`id`),
  ADD UNIQUE KEY `user_id` (`user_id`,`role_id`,`institute_code`,`class_code`) USING BTREE;

--
-- AUTO_INCREMENT for dumped tables
--

--
-- AUTO_INCREMENT for table `cities`
--
ALTER TABLE `cities`
  MODIFY `id` int(11) NOT NULL AUTO_INCREMENT, AUTO_INCREMENT=48315;

--
-- AUTO_INCREMENT for table `countries`
--
ALTER TABLE `countries`
  MODIFY `id` int(11) NOT NULL AUTO_INCREMENT, AUTO_INCREMENT=247;

--
-- AUTO_INCREMENT for table `states`
--
ALTER TABLE `states`
  MODIFY `id` int(11) NOT NULL AUTO_INCREMENT, AUTO_INCREMENT=43;

--
-- AUTO_INCREMENT for table `tbl_class`
--
ALTER TABLE `tbl_class`
  MODIFY `class_id` bigint(20) UNSIGNED NOT NULL AUTO_INCREMENT, AUTO_INCREMENT=106;

--
-- AUTO_INCREMENT for table `tbl_code`
--
ALTER TABLE `tbl_code`
  MODIFY `id` bigint(20) UNSIGNED NOT NULL AUTO_INCREMENT, AUTO_INCREMENT=63;

--
-- AUTO_INCREMENT for table `tbl_institute`
--
ALTER TABLE `tbl_institute`
  MODIFY `institute_id` bigint(20) UNSIGNED NOT NULL AUTO_INCREMENT, AUTO_INCREMENT=16;

--
-- AUTO_INCREMENT for table `tbl_institute_types`
--
ALTER TABLE `tbl_institute_types`
  MODIFY `institute_type_id` int(10) UNSIGNED NOT NULL AUTO_INCREMENT, AUTO_INCREMENT=3;

--
-- AUTO_INCREMENT for table `tbl_notice`
--
ALTER TABLE `tbl_notice`
  MODIFY `notice_id` bigint(20) NOT NULL AUTO_INCREMENT, AUTO_INCREMENT=19;

--
-- AUTO_INCREMENT for table `tbl_poll`
--
ALTER TABLE `tbl_poll`
  MODIFY `poll_id` bigint(20) UNSIGNED NOT NULL AUTO_INCREMENT, AUTO_INCREMENT=21;

--
-- AUTO_INCREMENT for table `tbl_poll_options`
--
ALTER TABLE `tbl_poll_options`
  MODIFY `id` bigint(20) UNSIGNED NOT NULL AUTO_INCREMENT, AUTO_INCREMENT=40;

--
-- AUTO_INCREMENT for table `tbl_poll_selection`
--
ALTER TABLE `tbl_poll_selection`
  MODIFY `id` bigint(20) UNSIGNED NOT NULL AUTO_INCREMENT;

--
-- AUTO_INCREMENT for table `tbl_post`
--
ALTER TABLE `tbl_post`
  MODIFY `post_id` bigint(20) UNSIGNED NOT NULL AUTO_INCREMENT, AUTO_INCREMENT=66;

--
-- AUTO_INCREMENT for table `tbl_relation`
--
ALTER TABLE `tbl_relation`
  MODIFY `req_id` bigint(20) UNSIGNED NOT NULL AUTO_INCREMENT, AUTO_INCREMENT=125;

--
-- AUTO_INCREMENT for table `tbl_request`
--
ALTER TABLE `tbl_request`
  MODIFY `request_id` bigint(20) UNSIGNED NOT NULL AUTO_INCREMENT, AUTO_INCREMENT=17;

--
-- AUTO_INCREMENT for table `tbl_roles`
--
ALTER TABLE `tbl_roles`
  MODIFY `role_id` int(11) NOT NULL AUTO_INCREMENT, AUTO_INCREMENT=5;

--
-- AUTO_INCREMENT for table `tbl_session`
--
ALTER TABLE `tbl_session`
  MODIFY `session_id` bigint(20) UNSIGNED NOT NULL AUTO_INCREMENT, AUTO_INCREMENT=3;

--
-- AUTO_INCREMENT for table `tbl_session_old`
--
ALTER TABLE `tbl_session_old`
  MODIFY `session_id` bigint(20) UNSIGNED NOT NULL AUTO_INCREMENT COMMENT 'Session in a class', AUTO_INCREMENT=12;

--
-- AUTO_INCREMENT for table `tbl_upload`
--
ALTER TABLE `tbl_upload`
  MODIFY `id` bigint(20) UNSIGNED NOT NULL AUTO_INCREMENT, AUTO_INCREMENT=31;

--
-- AUTO_INCREMENT for table `tbl_user`
--
ALTER TABLE `tbl_user`
  MODIFY `user_id` bigint(20) UNSIGNED NOT NULL AUTO_INCREMENT, AUTO_INCREMENT=69;

--
-- AUTO_INCREMENT for table `tbl_user_inst`
--
ALTER TABLE `tbl_user_inst`
  MODIFY `id` bigint(20) UNSIGNED NOT NULL AUTO_INCREMENT, AUTO_INCREMENT=53;

--
-- Constraints for dumped tables
--

--
-- Constraints for table `tbl_institute`
--
ALTER TABLE `tbl_institute`
  ADD CONSTRAINT `fk_institute_type` FOREIGN KEY (`institute_type_id`) REFERENCES `tbl_institute_types` (`institute_type_id`) ON DELETE NO ACTION ON UPDATE NO ACTION;
COMMIT;

/*!40101 SET CHARACTER_SET_CLIENT=@OLD_CHARACTER_SET_CLIENT */;
/*!40101 SET CHARACTER_SET_RESULTS=@OLD_CHARACTER_SET_RESULTS */;
/*!40101 SET COLLATION_CONNECTION=@OLD_COLLATION_CONNECTION */;
